"id","exam_id","text","options","correct_answer","question_order","topic_id"
"ap-2025-q001","ap-2025-autumn-morning","A, B, C, D を論理変数とするとき，次のカルノー図と等価な論理式はどれか。ここで，・は論理積，＋は論理和，$\overline{X}$ は X の否定を表す。

| AB \\ CD | 00 | 01 | 11 | 10 |
| :---: | :---: | :---: | :---: | :---: |
| **00** | 1 | 0 | 0 | 1 |
| **01** | 0 | 1 | 1 | 0 |
| **11** | 0 | 1 | 1 | 0 |
| **10** | 0 | 0 | 0 | 0 |","[""$A \\cdot B \\cdot \\overline{C} \\cdot D + \\overline{B} \\cdot \\overline{D}$"",""$\\overline{A} \\cdot \\overline{B} \\cdot \\overline{C} \\cdot \\overline{D} + B \\cdot D$"",""$A \\cdot B \\cdot D + \\overline{B} \\cdot \\overline{D}$"",""$\\overline{A} \\cdot \\overline{B} \\cdot \\overline{D} + B \\cdot D$""]","3","1",
"ap-2025-q002","ap-2025-autumn-morning","コンピュータによる伝票処理システムがある。このシステムは, 伝票データをためる待ち行列をもち, M/M/1 の待ち行列モデルが適用できるものとする。平均待ち時間が T 秒以上となるのは, システムの利用率が少なくとも何%以上となったときか。ここで, 伝票データをためる待ち行列の特徴は次のとおりである。

・伝票データは, ポアソン分布に従って到着する。
・伝票データをためる数に制限はない。
・1 件の伝票データの処理時間は, 平均 T 秒の指数分布に従う。","[""33"",""50"",""67"",""80""]","1","2",
"ap-2025-q003","ap-2025-autumn-morning","AIにおける機械学習において，2クラス分類モデルの評価方法の一つであるROC曲線で用いられる偽陽性率の説明として，最も適切なものはどれか。ここで，分類されるデータには正しいものと間違っているものが含まれるものとする。","[""“間違い”と予測したデータのうち，実際は“正しい”データの割合"",""実際に“間違い”であるデータに対し，誤って“正しい”と予測したデータの割合"",""実際に“間違い”であるデータに対し，正しく“間違い”と予測したデータの割合"",""全データのうち，実際に正しく予測できなかったデータの割合""]","1","3",
"ap-2025-q004","ap-2025-autumn-morning","誤り検出方式であるCRCに関する記述として，適切なものはどれか。","[""検査用のデータは，検査対象のデータを生成多項式で処理して得られる1ビットの値である。"",""受信側では，付加されてきた検査用のデータで検査対象のデータを割り，余りがなければ送信が正しかったと判断する。"",""送信側では，生成多項式を用いて検査対象のデータから検査用のデータを作り，これを検査対象のデータに付けて送信する。"",""送信側と受信側では，異なる生成多項式が用いられる。""]","2","4",
"ap-2025-q005","ap-2025-autumn-morning","記憶領域を管理するアルゴリズムのうち，ベストフィット方式の特徴として，適切なものはどれか。","[""空きブロック群のうち，アドレスが下位のブロックを高い頻度で使用するので，アドレスが上位の方に大きな空きブロックが残る傾向にある。"",""空きブロック群のうち，要求された大きさを満たす最小のものを割り当てるので，最終的には小さな空きブロックが多数残る傾向にある。"",""空きブロックの検索にハッシュ関数を使用しているので，高速に検索することができる。"",""空きブロックをアドレスの昇順に管理しているので，隣接する空きブロックを簡単に見つけられ，より大きな空きブロックにまとめることができる。""]","1","5",
"ap-2025-q006","ap-2025-autumn-morning","異なる n 個のデータが昇順に整列された表がある。この表を m 個のデータごとのブロックに分割し，各ブロックの最後尾のデータだけを線形探索することによって，目的のデータの存在するブロックを探し出す。次に，当該ブロック内を線形探索して目的のデータを探し出す。このときの平均比較回数を表す式はどれか。ここで，m は十分に大きく，n は m の倍数とし，目的のデータは必ず表の中に存在するものとする。","[""$m + \\frac{n}{m}$"",""$\\frac{m}{2} + \\frac{n}{2m}$"",""$\\frac{n}{m}$"",""$\\frac{n}{2m}$""]","1","6",
"ap-2025-q007","ap-2025-autumn-morning","OSS として公開されているプログラム言語である Scala の特徴はどれか。","[""オブジェクト指向プログラミングと関数型プログラミングの両方が可能である。"",""クラスの多重継承が可能である。"",""実行前にコンパイルして，ネイティブコードを生成する必要がある。"",""変数の型が，参照する実際の値によって実行時に決定される動的型付け言語である。""]","0","7",
"ap-2025-q008","ap-2025-autumn-morning","プロセッサの高速化技法の一つとして，同時に実行可能な複数の動作を，コンパイルの段階でまとめて一つの複合命令とし，高速化を図る方式はどれか。","[""CISC"",""MIMD"",""RISC"",""VLIW""]","3","8",
"ap-2025-q009","ap-2025-autumn-morning","画面表示用フレームバッファがユニファイドメモリ方式であるシステムの特徴はどれか。","[""主記憶とは別に専用のフレームバッファをもつ。"",""主記憶の一部を表示領域として使用する。"",""シリアル接続した表示デバイスに，描画コマンドを用いて表示する。"",""表示リフレッシュが不要である。""]","1","9",
"ap-2025-q010","ap-2025-autumn-morning","モーターの軸に装着された回転センサーから出力されるパルスの周期を，1MHz のクロック周波数でカウントアップするタイマーで計測したところ，10,000 カウントであった。モーターの回転数は毎秒何回転か。ここで，回転センサーはモーターの軸が1回転するごとに図のようなパルスを2回出力するものとする。

","[""50"",""100"",""200"",""5,000""]","0","10",
"ap-2025-q011","ap-2025-autumn-morning","現状の HPC (High Performance Computing) マシンの構成を，次の条件で更新することにした。更新後の，ノード数と総理論ピーク演算性能はどれか。ここで，総理論ピーク演算性能は，コア数に比例するものとする。

〔現状の構成〕
(1) 一つのコアの理論ピーク演算性能は 10 GFLOPS である。
(2) 一つのノードのコア数は 8 である。
(3) ノード数は 1,000 である。

〔更新条件〕
(1) 一つのコアの理論ピーク演算性能を現状の 2 倍にする。
(2) 一つのノードのコア数を現状の 2 倍にする。
(3) 総コア数を現状の 4 倍にする。

| ノード数 | 総理論ピーク演算性能<br/>(TFLOPS) |
|---|---|","[""2,000 / 320"",""2,000 / 640"",""4,000 / 320"",""4,000 / 640""]","1","11",
"ap-2025-q012","ap-2025-autumn-morning","IaC (Infrastructure as Code) の説明として，適切なものはどれか。","[""OS，仮想化ソフトなどが何もインストールされていない，初期状態のサーバである。"",""サーバなどの新規利用申請があった場合に，資源の割当て，設定などを手動で行い，利用可能な状態にする。"",""システムの構成，設定などをプログラムとして記述し，専用のソフトウェアがその内容に従って自動的にシステムに適用する。"",""利用者は，OS，アプリケーションなどの任意のソフトウェアをインフラストラクチャに手動で実装し，操作することができる。""]","2","12",
"ap-2025-q013","ap-2025-autumn-morning","コンピュータシステムの信頼性に関する記述のうち，適切なものはどれか。","[""$\\frac{\\text{MTBF}}{\\text{MTBF} + \\text{MTTR}}$ は，システムが稼働している時間の割合を表す。"",""MTBF－MTTR は，システムが正常であった時間を表す。"",""MTBF は，正常なシステムが運用を開始してから初めて故障が起きるまでの時間を表す。"",""MTTR は，システムの故障が回復した時点から次に故障が起きるまでの平均時間を表す。""]","0","13",
"ap-2025-q014","ap-2025-autumn-morning","キャパシティプランニングの目的の一つに関する記述のうち，最も適切なものはどれか。","[""応答時間に最も影響があるボトルネックだけに着目して，適切な変更を行うことによって，そのボトルネックの影響を低減又は排除することである。"",""システムの現在の応答時間を調査して，長期的に監視することによって，将来を含めて応答時間を維持することである。"",""ソフトウェアとハードウェアをチューニングして，現状の処理能力を最大限に引き出して，スループットを向上させることである。"",""パフォーマンスの問題はリソースの過剰使用によって発生するので，特定のリソースの有効利用を向上させることである。""]","1","14",
"ap-2025-q015","ap-2025-autumn-morning","五つのジョブ A～E に対して，ジョブの多重度が 1 で，処理時間順方式のスケジューリングを適用した場合，ジョブ B のターンアラウンドタイムは何秒か。ここで，OS のオーバーヘッドは考慮しないものとする。

単位 秒
| ジョブ | 到着時刻 | 単独実行時の処理時間 |
|---|---|---|
| A | 0 | 2 |
| B | 1 | 4 |
| C | 2 | 3 |
| D | 3 | 2 |
| E | 4 | 1 |","[""8"",""9"",""10"",""11""]","3","15",
"ap-2025-q016","ap-2025-autumn-morning","一つの I<sup>2</sup>C バスに接続された二つのセンサーがある。それぞれのセンサー値を読み込む二つのタスクを排他的に制御したい。利用するリアルタイム OS の機能として、適切なものはどれか。","[""キュー"",""セマフォ"",""マルチスレッド"",""メモリプール""]","1","16",
"ap-2025-q017","ap-2025-autumn-morning","スレッドセーフの説明として、適切なものはどれか。","[""アプリケーションが複数のスレッドから呼び出されないようになっている。"",""アプリケーションを複数のスレッドではなく、単一のスレッドで動作させる。"",""アプリケーションを複数のスレッドで並列に実行しても、問題が生じない。"",""スレッドの競合が発生したときに、アプリケーションを安全に停止させる。""]","2","17",
"ap-2025-q018","ap-2025-autumn-morning","二つのタスクが共用する二つの資源を排他的に使用するとき、デッドロックが発生するおそれがある。このデッドロックの発生を防ぐ方法はどれか。","[""一方のタスクの優先度を高くする。"",""資源獲得の順序を両方のタスクで同じにする。"",""資源獲得の順序を両方のタスクで逆にする。"",""両方のタスクの優先度を同じにする。""]","1","18",
"ap-2025-q019","ap-2025-autumn-morning","4ブロックのキャッシュメモリ C0 〜 C3 が表に示す状態である。ここで，新たに別のブロックの内容をキャッシュメモリにロードする必要が生じたとき，C2 のブロックを置換の対象とするアルゴリズムはどれか。

| キャッシュメモリ | ロード時刻 (分:秒) | 最終参照時刻 (分:秒) | 参照回数 |
|---|---|---|---|
| C0 | 0:00 | 0:08 | 10 |
| C1 | 0:03 | 0:06 | 1 |
| C2 | 0:04 | 0:05 | 3 |
| C3 | 0:05 | 0:10 | 5 |","[""FIFO"",""LFU"",""LIFO"",""LRU""]","3","19",
"ap-2025-q020","ap-2025-autumn-morning","図の LED 点灯回路において，LED に 10 ミリ A の電流が流れるように抵抗値を決定したときに，回路全体の消費電力に占める LED の消費電力の割合は何%か。ここで，LED の順方向電圧は 2V とし，電源の消費電力は無視するものとする。

![LED circuit diagram showing a 10V power source, an LED, and a resistor in series.](page_12_image_1_v2.jpg)","[""20"",""25"",""80"",""100""]","0","20",
"ap-2025-q021","ap-2025-autumn-morning","組込みシステムのプログラムで，放された状態では 0 になり，押された状態では 1 になるスイッチの値を読み込んでいる。このプログラムによって，スイッチの値は周期的に適切なタイミングで読み込まれ，チャタリング処理などの適切な処理が行われるものとし，a が今回の値で，b が前回の値とする。このスイッチが放された状態から押された状態に変化したことを検出するための論理式はどれか。ここで，“$\cdot$” は論理積，“$+$” は論理和，“$\overline{\phantom{x}}$” は論理否定を表す。","[""$a \\cdot \\overline{b}$"",""$\\overline{a} \\cdot b$"",""$a + \\overline{b}$"",""$\\overline{a} + b$""]","0","21",
"ap-2025-q022","ap-2025-autumn-morning","入力が A と B，出力が Y の論理回路を動作させたとき，図のタイミングチャートが得られた。この論理回路として，適切なものはどれか。

![Timing chart showing inputs A, B and output Y over time](page_13_image_1_v2.jpg)","[""<img src=\""page_13_image_4_v2.jpg\"" alt=\""Logic gate diagram for option ア\"">"",""<img src=\""page_13_image_5_v2.jpg\"" alt=\""Logic gate diagram for option イ\"">"",""<img src=\""page_13_image_6_v2.jpg\"" alt=\""Logic gate diagram for option ウ\"">"",""<img src=\""page_13_image_3_v2.jpg\"" alt=\""Logic gate diagram for option エ\"">""]","2","22",
"ap-2025-q023","ap-2025-autumn-morning","16 ビットのダウンカウンターを用い，カウンターの値が 0 になると割込みを発生するハードウェアタイマーがある。カウンターに初期値として 10 進数の 150 をセットしてタイマーをスタートすると，最初の割込みが発生するまでの時間は何マイクロ秒か。ここで，タイマーの入力クロック周波数は 16 MHz を 32 分周したものとする。","[""0.3"",""2"",""150"",""300""]","3","23",
"ap-2025-q024","ap-2025-autumn-morning","画面サイズの制約によって，レイアウト上，常にメニューを表示しておくことが難しいときに使用する仕組みであって，三本線のアイコンを選択するとメニューが表示されるものはどれか。","[""アコーディオンメニュー"",""ドロップダウンメニュー"",""ハンバーガーメニュー"",""ポップアップメニュー""]","2","24",
"ap-2025-q025","ap-2025-autumn-morning","0 kHz〜20 kHz の帯域幅のオーディオ信号をデジタル信号に変換するのに必要な最大のサンプリング周期を標本化定理によって求めると，何マイクロ秒か。","[""2.5"",""5"",""25"",""50""]","2","25",
"ap-2025-q026","ap-2025-autumn-morning","BASE 特性を満たし，次の特徴をもつ NoSQL データベースシステムに関する記述のうち，適切なものはどれか。

〔NoSQL データベースシステムの特徴〕
・ネットワーク上に分散した複数のノードから構成される。
・一つのノードでデータを更新した後，他の全てのノードにその更新を反映する。","[""クライアントからの更新要求を 2 相コミットによって全てのノードに反映する。"",""データの更新結果は，システムに障害がなければ，いつかは全てのノードに反映される。"",""同一の主キーの値による同時の参照要求に対し，全てのノードは同じ結果を返す。"",""ノード間のネットワークが分断されると，クライアントからの処理要求を受け付けなくなる。""]","1","26",
"ap-2025-q027","ap-2025-autumn-morning","“売上”表への次の検索処理のうち，B<sup>+</sup>木インデックスよりもハッシュインデックスを設定した方が適切なものはどれか。ここで，インデックスを設定する列を＜＞内に示す。

売上（伝票番号，売上年月日，商品名，利用者 ID，店舗番号，売上金額）","[""売上金額が 1 万円以上の売上を検索する。＜売上金額＞"",""売上年月日が今月の売上を検索する。＜売上年月日＞"",""商品名が ‘DB’ で始まる売上を検索する。＜商品名＞"",""利用者 ID が ‘1001’ の売上を検索する。＜利用者 ID＞""]","3","27",
"ap-2025-q028","ap-2025-autumn-morning","関係データベースのビューに関する記述のうち，適切なものはどれか。","[""ビューの列名は，基の表の列名と異なる名称で定義することができる。"",""ビューは，基の表から指定した列を抜き出すように定義するものであり，行を抜き出すように定義することはできない。"",""二つ以上の表の結合によって定義されたビューは，結合の仕方によらず更新操作ができる。"",""和両立な二つの表に対し，和集合演算を用いてビューを定義することはできない。""]","0","28",
"ap-2025-q029","ap-2025-autumn-morning","RDBMS において，同じデータ項目の異なる版を用意することによって，トランザクションの同時実行性を高める仕組みはどれか。","[""2相ロッキングプロトコル"",""MVCC"",""WAL プロトコル"",""共有ロック""]","1","29",
"ap-2025-q030","ap-2025-autumn-morning","100M ビット／秒の LAN と 1G ビット／秒の LAN がある。ヘッダーを含めて 1,250 バイトのパケットを N 個送信するときに，100M ビット／秒の LAN の送信時間が 1G ビット／秒の LAN より 9ミリ秒多く掛かった。N は幾らか。ここで，いずれの LAN においても，パケットの送信間隔（パケットの送信が完了してから次のパケットを送信開始するまでの時間）は 1ミリ秒であり，パケット送信間隔も送信時間に含める。","[""10"",""80"",""100"",""800""]","2","30",
"ap-2025-q031","ap-2025-autumn-morning","リバースプロキシの説明として，適切なものはどれか。","[""インターネットから内部ネットワークの公開 Web サーバへの通信を，中継するために利用される。"",""インターネットと内部ネットワークとの通信を監視し，インターネットからの攻撃を検知するための技術である。"",""仮想的な専用ネットワークを確立するための技術である。"",""内部ネットワークの PC からインターネットへの通信を，中継するために利用される。""]","0","31",
"ap-2025-q032","ap-2025-autumn-morning","IPv4 のアドレス割当てを行う際に，クラス A〜C といった区分にとらわれずに，ネットワークアドレス部とホストアドレス部を任意のブロック単位に区切り，IP アドレスを無駄なく効率的に割り当てる方式はどれか。","[""CIDR"",""DHCP"",""DNS"",""NAPT""]","0","32",
"ap-2025-q033","ap-2025-autumn-morning","UDP のヘッダーフィールドにはないが，TCP のヘッダーフィールドには含まれる情報はどれか。","[""宛先ポート番号"",""シーケンス番号"",""送信元ポート番号"",""チェックサム""]","1","33",
"ap-2025-q034","ap-2025-autumn-morning","複数台のレイヤー2 スイッチで構成されるネットワークが複数の経路をもつ場合に，イーサネットフレームのループが発生することがある。そのループの発生を防ぐための TCP/IP ネットワークインタフェース層のプロトコルはどれか。","[""IGMP"",""RIP"",""SIP"",""スパニングツリープロトコル""]","3","34",
"ap-2025-q035","ap-2025-autumn-morning","ビット誤り率が 0.0001% の回線を使って，1,500 バイトのパケットを 10,000 個送信するとき，誤りが含まれるパケットの個数の期待値はおよそ幾らか。","[""10"",""15"",""80"",""120""]","3","35",
"ap-2025-q036","ap-2025-autumn-morning","サイバー攻撃の攻撃段階をモデル化したサイバーキルチェーンにおいて，“エクスプロイト”に該当する行為はどれか。","[""公開情報の閲覧，顧客を装った電子メールでの問合せなどを行い，標的とする組織を調査する。"",""標的とする組織の PC で OS の<ruby>脆弱性<rt>ぜいじゃくせい</rt></ruby>を悪用し，攻撃ツールを実行させる。"",""標的とする組織のサーバから秘密情報を窃取し，攻撃者が用意したサーバに送信する。"",""標的とする組織の従業員にマルウェアを添付した電子メールを送りつける。""]","1","36",
"ap-2025-q037","ap-2025-autumn-morning","デジタル署名が付与されたソフトウェアをインストールするときに，そのソフトウェアの発行元を確認するために使用する証明書はどれか。","[""EV SSL 証明書"",""クライアント証明書"",""コードサイニング証明書"",""サーバ証明書""]","2","37",
"ap-2025-q038","ap-2025-autumn-morning","サイドチャネル攻撃はどれか。","[""暗号化処理時における暗号化装置の消費電力などの測定や統計処理によって，当該装置内部の秘密情報を推定する攻撃"",""攻撃者が任意に選択した平文とその平文に対応した暗号文から数学的手法を用いて暗号鍵を推測し，同じ暗号鍵を用いて作成された暗号文を解読する攻撃"",""操作中の人の横から，入力操作の内容を観察することによって，利用者 ID とパスワードを盗み取る攻撃"",""無線 LAN のアクセスポイントを不正に設置し，チャネル間の干渉を発生させることによって，通信を妨害する攻撃""]","0","38",
"ap-2025-q039","ap-2025-autumn-morning","CRL に関する記述のうち，適切なものはどれか。","[""RFC 5280 では，認証局は，発行したデジタル証明書のうち失効したものについては，シリアル番号を失効後 1 年間 CRL に記載するよう義務付けている。"",""Web サイトの利用者の Web ブラウザは，その Web サイトにサーバ証明書を発行した認証局の公開鍵が Web ブラウザに組み込まれていれば，CRL を参照しなくてもよい。"",""認証局は，発行した全てのデジタル証明書の有効期限を CRL に記載する。"",""認証局は，有効期限内のデジタル証明書が失効されたとき，そのシリアル番号を CRL に記載する。""]","3","39",
"ap-2025-q040","ap-2025-autumn-morning","ある組織では CSIRT と PSIRT が設置されている。セキュリティインシデントのうち，PSIRT が対応するものはどれか。","[""組織が顧客に販売した製品とその利用において発生したセキュリティインシデント"",""組織が製品の在庫を管理するシステムにおいて発生したセキュリティインシデント"",""組織が製品の販売を管理するシステムにおいて発生したセキュリティインシデント"",""組織の従業員の個人情報を管理するシステムにおいて発生したセキュリティインシデント""]","0","40",
"ap-2025-q041","ap-2025-autumn-morning","JIS Q 27000:2019（情報セキュリティマネジメントシステムー用語）における真正性及び信頼性に対する定義 a 〜 d の組みのうち，適切なものはどれか。

〔定義〕
a 意図する行動と結果とが一貫しているという特性
b エンティティは，それが主張するとおりのものであるという特性
c 認可されたエンティティが要求したときに，アクセス及び使用が可能であるという特性
d 認可されていない個人，エンティティ又はプロセスに対して，情報を使用させず，また，開示しないという特性

| | 真正性 | 信頼性 |
|---|---|---|","[""b / a"",""b / c"",""d / a"",""d / c""]","0","41",
"ap-2025-q042","ap-2025-autumn-morning","CSPM (Cloud Security Posture Management) はどれか。","[""クラウドサービスにおける情報漏えいなどのリスクを低減するために，設定の監視を行ったり，自動的に不備を修正したりするサービス"",""従業員からの情報セキュリティマネジメントシステムに関する問合せに応じ，必要な支援を行うクラウドサービス"",""従業員によるインターネット上の SaaS の利用状況を可視化することによって，ポリシー違反を検出し，接続制限を行うサービス"",""ファイアウォール，マルウェア検知などのセキュリティ機能を統合し，パッケージとして提供するクラウドサービス""]","0","42",
"ap-2025-q043","ap-2025-autumn-morning","脆弱性<sup>ぜい</sup>検査で，ホストに対してポートスキャンを行う。スキャンしたポートの状態を判定する方法のうち，適切なものはどれか。","[""ポートに SYN パケットを送信して “RST/ACK” パケットを受信したとき，接続要求が許可されたと判定する。"",""ポートに SYN パケットを送信して “SYN/ACK” パケットを受信したとき，接続要求が中断又は拒否されたと判定する。"",""ポートに UDP パケットを送信してメッセージ “ICMP port unreachable” を受信したとき，対象ポートが閉じていると判定する。"",""ポートに UDP パケットを送信してメッセージ “ICMP port unreachable” を受信したとき，対象ポートが開いていると判定する。""]","2","43",
"ap-2025-q044","ap-2025-autumn-morning","デジタルフォレンジックスの手順は収集、検査、分析及び報告から成る。このとき、デジタルフォレンジックスの手順に含まれるものはどれか。","[""サーバとネットワーク機器のログをログ管理サーバに集約し、リアルタイムに相関分析することによって、不正アクセスを検出する。"",""サーバのハードディスクを解析し、削除されたログファイルを復元することによって、不正アクセスの痕跡を発見する。"",""電子メールを外部に送る際に、本文及び添付ファイルを暗号化することによって、情報漏えいを防ぐ。"",""プログラムを実行する際に、プログラムファイルのハッシュ値と暗蔵情報とを突き合わせることによって、プログラムがマルウェアかどうかを検査する。""]","1","44",
"ap-2025-q045","ap-2025-autumn-morning","電子メールの送信時に、送信側メールサーバでデジタル署名を電子メールヘッダーに付与し、受信側メールサーバでそれを検査することで、送信元ドメインのなりすましや電子メールの改ざんを検知できる技術はどれか。","[""DKIM"",""OP25B"",""S/MIME"",""SPF""]","0","45",
"ap-2025-q046","ap-2025-autumn-morning","ソフトウェアの要件定義における利用者の分析で活用される、ソフトウェアの利用者を役割ごとに典型的な姿として描いた仮想の人物を何と呼ぶか。","[""エピック"",""ステークホルダー"",""プロダクトオーナー"",""ペルソナ""]","3","46",
"ap-2025-q047","ap-2025-autumn-morning","UML のダイアグラムのうち，インスタンス間の関係を表現するものはどれか。","[""アクティビティ図"",""オブジェクト図"",""コンポーネント図"",""ユースケース図""]","1","47",
"ap-2025-q048","ap-2025-autumn-morning","エラー埋込み法を用いて残存エラー数を推定する。当初の埋込みエラーは 48 個である。テスト期間中に発見されたエラーの内訳は，埋込みエラーが 36 個，真のエラーが 42 個である。このとき，残存する真のエラーは何個と推定されるか。","[""6"",""14"",""54"",""56""]","1","48",
"ap-2025-q049","ap-2025-autumn-morning","Web アプリケーションソフトウェアの処理方式の説明のうち，“プログレッシブ Web アプリ”の説明として，適切なものはどれか。","[""Web サーバ上に実行可能なプログラムを用意し，Web ブラウザからの要求に応じて，Web サーバがそのプログラムを呼び出し，処理結果を Web ブラウザに送信する。"",""Web ページの要素にその意味を表すメタデータを付加することによって，コンピュータが自動的に Web ページの情報の収集や加工を行えるようにする。"",""新しい Web サービスを，他のサービスが公開する WebAPI の機能を組み合わせることによって提供する。"",""ブラウザが実行するサービスワーカーの機能を用いて，Web アプリケーションをオフラインで起動させたり，バックグラウンドでデータを同期させたりして，ネイティブアプリケーションであるかのように Web アプリケーションを使えるようにする。""]","3","49",
"ap-2025-q050","ap-2025-autumn-morning","委託元への著作権の移転に関する条項を含むソフトウェア開発委託契約書に、“委託先は著作者人格権を行使しない”という記載があった。これはどのような問題の発生を防ぐためのものか。","[""委託先で当該ソフトウェアを開発した開発者が，技術者倫理に関しての責任を負わなくなることを防ぐ。"",""委託先で当該ソフトウェアを開発した開発者を，委託元が後で雇用できなくなることを防ぐ。"",""納品されたソフトウェアに不具合が発見された場合に，委託先が金銭的補償を負わなくなることを防ぐ。"",""納品されたソフトウェアを委託先の了解なく委託元で修正できなくなること，又は他の会社に修正を依頼できなくなることを防ぐ。""]","3","50",
"ap-2025-q051","ap-2025-autumn-morning","プロジェクトマネジメントにおいて，スコープを対象とするプロセスを集めた対象群“スコープ”に含まれるプロセスはどれか。","[""WBS の作成"",""活動期間の見積り"",""コストの見積り"",""予算の作成""]","0","51",
"ap-2025-q052","ap-2025-autumn-morning","チームの発展段階を五つに区分したタックマンモデルによれば，メンバーの異なる考え方や価値観が明確になり，メンバーがそれぞれの意見を主張し合う段階はどれか。","[""安定期 (Norming)"",""遂行期 (Performing)"",""成立期 (Forming)"",""動乱期 (Storming)""]","3","52",
"ap-2025-q053","ap-2025-autumn-morning","あるプロジェクトは4月から9月までの6か月間で開発を進めており，現在のメンバー全員が9月末まで作業すれば完了する見込みである。しかし，他のプロジェクトで発生した緊急の案件に対応するために，8月初めから，4人のメンバーがプロジェクトから外れることになった。9月末に予定どおり開発を完了させるために，7月の半ばからメンバーを増員する。条件に従うとき，人件費は何万円増加するか。

〔条件〕
・元のメンバーと増員するメンバーの，プロジェクトにおける生産性は等しい。
・7月の半ばから7月末までの0.5か月間，元のメンバー4人から増員するメンバーに引継ぎを行う。
・引継ぎの期間中は，元のメンバー4人と増員するメンバーはプロジェクトの開発作業を実施しないが，人件費は全額をこのプロジェクトに計上する。
・人件費は，1人月当たり100万円とする。","[""200"",""250"",""450"",""700""]","2","53",
"ap-2025-q054","ap-2025-autumn-morning","自動生産システムの増強に関する次のデシジョンツリーにおいて，新規にシステムを開発する場合の期待金額価値（EMV）は何億円か。

![Decision tree for production system expansion showing options for new system development and existing system modification with associated probabilities and revenues.](page_26_image_1_v2.jpg)","[""14"",""20"",""26"",""64""]","2","54",
"ap-2025-q055","ap-2025-autumn-morning","サービスマネジメントのサービス可用性管理において，インシデント又は将来インシデントとなる可能性のある事象について，その発生経路及び発生原因を分析し，発生確率の算出に使用できる技法はどれか。","[""故障の木解析（FTA）"",""故障モード・影響解析（FMEA）"",""コンポーネント障害インパクト分析（CFIA）"",""単一障害点分析（SPOF 分析）""]","0","55",
"ap-2025-q056","ap-2025-autumn-morning","サービスマネジメントにおける問題管理の活動はどれか。","[""根本原因の特定"",""サービス要求の優先度付け"",""変更要求の記録"",""リリースの検証""]","0","56",
"ap-2025-q057","ap-2025-autumn-morning","生成 AI の処理などで用いられる，大量に発熱する GPU を搭載したサーバを，空気冷却よりも少ない消費電力で効率良く冷却できる液体冷却の一つに液浸冷却がある。液体冷却の方法の説明のうちで，液浸冷却の方法の説明に該当するものの組みはどれか。

〔液体冷却の方法の説明〕
a 液体を循環させて熱交換器で冷やす単相冷却と，気化熱を利用する二相冷却とがある。
b サーバに取り付けた金属板と熱交換してサーバを冷却する。
c サーバを<ruby>筐体<rt>きょうたい</rt></ruby>ごと液体に漬けて冷却する。
d 冷媒となる液体として通常は水を使用する。","[""a, b"",""a, c"",""b, d"",""c, d""]","1","57",
"ap-2025-q058","ap-2025-autumn-morning","システム監査基準（令和5年）において，システム監査で使用される用語の説明として，適切なものはどれか。","[""所見とは，他の標準的な監査人が監査を実施した場合であっても同じ検証結果を得られることである。"",""正当な懐疑心とは，客観性の保持という精神的な態度を堅持できることである。"",""正当な注意とは，監査で発見したことに基づく考えや意見のことである。"",""独立性とは，第三者から不当な影響や圧力等を受けていない状態のことである。""]","3","58",
"ap-2025-q059","ap-2025-autumn-morning","システム監査報告書の改善提案に対し，システム監査人が行うフォローアップとして，適切なものはどれか。","[""改善提案に対する改善の実施を監査対象部門の長に指示する。"",""改善提案に対する監査対象部門の改善実施プロジェクトの管理を行う。"",""改善提案に対する監査対象部門の改善状況をモニタリングする。"",""改善提案の内容を監査対象部門に示した上で改善計画を策定する。""]","2","59",
"ap-2025-q060","ap-2025-autumn-morning","システム監査基準（令和5年）に従い，監査目的に基づいて，ガバナンス，マネジメント，コントロールの視点から検証・評価を行う。“コントロールの視点”から行う項目はどれか。","[""IT投資の結果が適切なリターンを生んでいるか。"",""異常なアクセスを検出した際に適時に対処及び報告がなされているか。"",""情報セキュリティ対策がPDCAサイクルに基づいて適切に管理されているか。"",""新技術や技術革新を経営戦略推進のために適時適切に利活用できているか。""]","1","60",
"ap-2025-q061","ap-2025-autumn-morning","事業目標達成のためのプログラムマネジメントの考え方として，適切なものはどれか。","[""活動全体を複数のプロジェクトの結合体と捉え，複数のプロジェクトの連携，統合，相互作用を通じて価値を高め，組織全体の戦略の実現を図る。"",""個々のプロジェクト管理を更に細分化することによって，プロジェクトに必要な技術や確保すべき経営資源の明確化を図る。"",""システムの開発に使用するプログラム言語や開発手法を早期に検討することによって，開発リスクを低減し，投資効果の最大化を図る。"",""リスクを最小化するように支援する専門組織を設けることによって，組織全体のプロジェクトマネジメントの能力と品質の向上を図る。""]","0","61",
"ap-2025-q062","ap-2025-autumn-morning","SOA の説明はどれか。","[""会計，人事，製造，購買，在庫管理，販売などの企業の業務プロセスを一元管理することによって，業務の効率化や経営資源の全体最適を図る手法"",""企業の業務プロセス，システム化要求などのニーズと，ソフトウェアパッケージの機能性がどれだけ適合し，どれだけかい離しているかを分析する手法"",""業務プロセスの問題点を洗い出して，目標設定，実行，チェック，修正行動のマネジメントサイクルを適用し，継続的な改善を図る手法"",""利用者の視点から業務システムの機能を幾つかの独立した部品に分けることによって，業務プロセスとの対応付けや他ソフトウェアとの連携を容易にする手法""]","3","62",
"ap-2025-q063","ap-2025-autumn-morning","データ分析手法の一つである，アソシエーション分析はどれか。","[""結果となる数値（目的変数）と要因となる数値（説明変数）との関係性について，最小二乗法を用いて分析する。気温の変化が売行きにどの程度影響するかなどの事象の予測に用いられる。"",""商品を購買するときの関連性や同時性などのルールを購買データに基づいて見いだすなど，データ間の統計的なパターンや，意味のある関連性を抽出する。信頼度，支持度及びリフト値によってルールを評価し，有効性を確認する。"",""多数の変数の情報（観測変数）に存在する共通因子を仮定し，モデル化して分析する。共通因子を設けることによってデータの数が増加しても複雑になることを防ぎ，現象を分かりやすく捉えることができる。"",""多数の変数の情報（観測変数）をできるだけ少ない指標や次元（合成変数）で要約する。データのもつ情報をできる限り損なわずに全体の傾向を可視化することができる。""]","1","63",
"ap-2025-q064","ap-2025-autumn-morning","投資の意思決定手法の一つである PBP 法に関する記述として，適切なものはどれか。","[""キャッシュフローの時間的価値が考慮されている。"",""投資回収後のキャッシュフローも考慮されている。"",""投資金額の回収期間の長さによって投資を評価する手法である。"",""ほかの意思決定手法である NPV 法や IRR 法と同様に割引率を用いる手法である。""]","2","64",
"ap-2025-q065","ap-2025-autumn-morning","定性的な評価項目を定量化するために評価点を与える方法がある。表に示す 4 段階評価を用いた場合，重み及び 4 段階評価の結果から評価されたシステム全体の目標達成度は，評価項目が全て目標どおりだった場合の評価点に対し，何%となるか。

| システムの評価項目 | 重み | 4段階評価の結果 |
|---|---|---|
| 省力化効果 | 5 | 目標どおり |
| 期間の短縮 | 8 | 変わらず |
| 情報の統合化 | 12 | 部分改善 |

4 段階評価点
3 : 目標どおり
2 : ほぼ目標どおり
1 : 部分改善
0 : 変わらず","[""27"",""36"",""43"",""52""]","1","65",
"ap-2025-q066","ap-2025-autumn-morning","IoT を活用した工場管理システムの開発を行う。システムを構築し、サービスを運営する A 社は、B 社にボード開発を定額契約で委託した。B 社はボードの納入前のネットワーク試験のため、工場の設備を管理する C 社と実費償還契約を締結し、工場の一部区画とネットワークを借用した。C 社のネットワーク設備に故障はなく、B 社の人的リソース不足が原因でネットワーク試験の作業が遅延し、追加の費用が発生したとき、その費用を負担すべき会社はどれか。ここで、各社は契約を正当に履行するものとする。また、定額契約を交わした時点では、開発のスコープは十分明確で、契約以降の変更はないものとする。","[""A 社"",""A 社及び B 社"",""B 社"",""B 社及び C 社""]","2","66",
"ap-2025-q067","ap-2025-autumn-morning","売手側でのマーケティング要素 4P は、買手側での要素 4C に対応するという考え方がある。4P の一つであるプロモーションに対応する 4C の構成要素はどれか。","[""顧客価値 (Customer Value)"",""顧客コスト (Cost)"",""コミュニケーション (Communication)"",""利便性 (Convenience)""]","2","67",
"ap-2025-q068","ap-2025-autumn-morning","バランススコアカードで使われる戦略マップの説明はどれか。","[""切り口となる二つの要素を X 軸, Y 軸として, 市場における自社又は自社製品のポジションを表現したもの"",""財務, 顧客, 内部ビジネスプロセス, 学習と成長という四つの視点を基に, 課題, 施策, 目標の因果関係を表現したもの"",""市場の魅力度, 自社の優位性という二つの軸から成る四象限に自社の製品や事業を分類して表現したもの"",""どのような顧客層に対して, どのような経営資源を使用し, どのような製品・サービスを提供するのかを表現したもの""]","1","68",
"ap-2025-q069","ap-2025-autumn-morning","フィージビリティスタディの説明はどれか。","[""企業が新規事業立ち上げや海外進出する際の検証, 公共事業の採算性検証, 情報システムの導入手段の検証など, 実現性を調査・検証する投資前評価のこと"",""技術革新, 社会変動などに関する未来予測によく用いられ, 専門家グループなどがもつ直観的意見や経験的判断を, 反復型アンケートを使って組織的に集約・洗練して収束すること"",""集団（小グループ）によるアイディア発想法の一つで, 会議の参加メンバー各自が自由奔放にアイディアを出し合い, 互いの発想の異質さを利用して, 連想を行うことによって, 更に多数のアイディアを生み出そうという集団思考法・発想法のこと"",""商品が市場に投入されてから, 次第に売れなくなり姿を消すまでのプロセスを, 導入期, 成長期, 成熟（市場飽和）期, 衰退期の4段階で表現して, その市場における製品の寿命を検討すること""]","0","69",
"ap-2025-q070","ap-2025-autumn-morning","図のアンゾフの成長マトリクスのうち，市場浸透戦略の例として，適切なものはどれか。

<table>
  <thead>
    <tr>
      <th> </th>
      <th colspan=""3"">製品</th>
    </tr>
    <tr>
      <th> </th>
      <th>既存</th>
      <th colspan=""2"">新規</th>
    </tr>
    <tr>
      <th rowspan=""2"">市場</th>
      <th>既存</th>
      <th>市場浸透戦略</th>
      <th>新製品開発戦略</th>
    </tr>
    <tr>
      <th>新規</th>
      <th>新市場開拓戦略</th>
      <th>多角化戦略</th>
    </tr>
  </thead>
</table>","[""ある商品が高いシェアを確保したため，最近の技術開発の成果を取り入れた上位機種を，既存のユーザー向けに販売する。"",""ある地域において特別価格で販売することで，商品の知名度を上げ，その地域の多くの住民に販売する。"",""ある地方で長年販売してきた商品を，今年から他の地方でも販売する。"",""販売実績がないある国の商習慣に合う製品を一から開発し，その国で販売する。""]","1","70",
"ap-2025-q071","ap-2025-autumn-morning","生産事業所のシステムを，生産計画などの計画層，各指示や工程管理・製造管理などの実行層，機械・機器の制御を行う制御層の三つの層に大きく分けたとき，MES が運用される層はどれか。","[""計画層"",""実行層"",""制御層"",""計画層・実行層・制御層""]","1","71",
"ap-2025-q072","ap-2025-autumn-morning","PLM (Product Lifecycle Management) の目的はどれか。","[""NC 工作機械，自動搬送装置，倉庫などを有機的に結合し，コンピュータで集中管理することで多品種少量生産に対応できる生産の自動化を実現する。"",""製品開発，製造，販売，保守，リサイクルに至る製造業のプロセスにおいて，製品に関連する情報を一元管理し，商品力向上やコスト低減を図る。"",""製品の生産計画に基づいてその生産に必要な資材の所要量を展開し，これを基準にして資材の需要とその発注時期を算出する。"",""部品の供給から製品の販売までの一連のプロセスの情報をリアルタイムで交換することによって，在庫の削減とリードタイムの短縮を実現する。""]","1","72",
"ap-2025-q073","ap-2025-autumn-morning","IoT で活用されている LPWA の特徴として，適切なものはどれか。","[""GHz 帯を使う近距離無線通信であり，4K, 8K の映像などの大容量のデータを高速伝送することに適している。"",""電力線を通信に使う有線通信技術であり，スマートメーターの自動検針などに適している。"",""一つの基地局で広範囲をカバーできる低消費電力の無線通信技術であり，複数の機器がつながるネットワークに適している。"",""有線のシリアル通信であり，同じ基板上の回路及び LSI 間の通信に適している。""]","2","73",
"ap-2025-q074","ap-2025-autumn-morning","ある工場で扱っている部品Aは，使用量（需要）が一定であり，定量発注方式を採用して発注されている。この場合の経済的発注量は，グラフの年間の発注費と，年間の保管費が等しくなったときの値を計算することで求めることができる。表の条件の場合の経済的発注量を求めよ。ここで，部品Aに関する安全在庫は考慮しないものとする。

| | |
|---|---|
| 年間需要量 | 100,000 個 |
| 1 個当たりの年間保管費（金利を含む） | 1,000 円 |
| 1 回当たりの発注費用（発注量に関係ない） | 5,000 円 |

| 項目 | 説明 |
|---|---|
| 年間の発注費 | 反比例の曲線（発注量が増えると減少） |
| 年間の保管費 | 正比例の直線（発注量が増えると増加） |
| 年間総費用 | U字型の曲線（発注費と保管費の合計） |
| 経済的発注量 | 発注費と保管費が交差する点（総費用が最小となる点） |","[""10"",""200"",""500"",""1,000""]","3","74",
"ap-2025-q075","ap-2025-autumn-morning","製品 X, Y を 1 台製造するのに必要な部品数は, 表のとおりである。製品 1 台当たりの利益が X, Y ともに 1 万円のとき, 利益は最大何万円になるか。ここで, 部品 A は 120 個, 部品 B は 60 個まで使えるものとする。

単位 個
| 部品 \ 製品 | X | Y |
|---|---|---|
| A | 3 | 2 |
| B | 1 | 2 |","[""30"",""40"",""45"",""60""]","2","75",
"ap-2025-q076","ap-2025-autumn-morning","A 社の貸借対照表の構成は図のとおりであった。A 社の自己資本比率は何%か。

単位 百万円
<table>
  <tbody>
    <tr>
      <td rowspan=""2"">流動資産 6,000</td>
      <td>流動負債 4,500</td>
    </tr>
    <tr>
      <td>固定負債 2,000</td>
    </tr>
    <tr>
      <td rowspan=""3"">固定資産 4,000</td>
      <td>資本金 2,000</td>
    </tr>
    <tr>
      <td>資本剰余金 1,000</td>
    </tr>
    <tr>
      <td>利益剰余金 500</td>
    </tr>
  </tbody>
</table>","[""10"",""20"",""30"",""35""]","3","76",
"ap-2025-q077","ap-2025-autumn-morning","表のような製品 A, B を製造, 販売する場合, 考えられる利益は最大で何円になるか。ここで, 機械の年間使用可能時間は延べ 15,000 時間とし, 年間の固定費は製品 A, B に関係なく 15,000,000 円とする。

| 製品 | 販売単価 | 変動費 | 製造時間 |
|---|---|---|---|
| A | 30,000 円 | 18,000 円／個 | 8 時間／個 |
| B | 25,000 円 | 10,000 円／個 | 12 時間／個 |","[""3,750,000"",""7,500,000"",""16,250,000"",""18,750,000""]","1","77",
"ap-2025-q078","ap-2025-autumn-morning","著作権法において, 保護の対象となり得ないものはどれか。","[""インターネットで公開されたフリーソフトウェア"",""ソフトウェアの操作マニュアル"",""データベース"",""プログラム言語や規約（プログラム言語の用法についての特別の約束）""]","3","78",
"ap-2025-q079","ap-2025-autumn-morning","意匠法において, 保護の対象となり得るものはどれか。","[""独自の GUI"",""独自のアルゴリズム"",""独自の通信プロトコル"",""独自のビジネスモデル""]","0","79",
"ap-2025-q080","ap-2025-autumn-morning","労働施策総合推進法に関する記述として，適切なものはどれか。","[""いわゆるパワーハラスメントに関し，労働者の相談に応ずることや適切に対応する体制を整備することなどを事業主に義務付けている。"",""大学生や高校生が適職を選択して，適切な就職活動を行うために，教育機関が関与すべきインターンシップの理念・原則を定めている。"",""都道府県ごとに時給という形式で金額が決められている最低賃金を労働施策の基礎として位置付け，それを決定する手順を定めている。"",""労働組合と使用者との団体交渉が労働条件改善の基本的な方策であると示し，労働組合活動を総合的に推進することを義務付けている。""]","0","80",
"fe-2025-a-q001","fe-2025-a","大規模言語モデルを用いた自然言語処理において、事前学習済みのモデルに対して行うファfe-2025-aインチューニングに関する記述として、最も適切なものはどれか。","[""強化学習を行い、最適な結果が得られるようにする。"",""事前学習と同じデータを繰り返し用いて学習を行い、モデルの精度を高めるようにする。"",""大量のテキストデータを用いて学習を行い、モデルの精度を高めるようにする。"",""特定のデータを用いて追加で学習を行い、目的とするタスクに適用できるようにする。""]","3","1",
"fe-2025-a-q002","fe-2025-a","浮動小数点形式で表現された数値の演算結果における丸め誤差の説明はどれか。","[""演算結果がコンピュータの扱える最大値を超えることによって生じる誤差である。"",""数表現のけた数に限度があるので、最下位けたより小さい部分について四捨五入や切上げ、切捨てを行うことによって生じる誤差である。"",""乗除算において、指数部が小さい方の数値の仮数部の下位部分が失われることによって生じる誤差である。"",""絶対値がほぼ等しい数値の加減算において、上位の有効数字が失われることによって生じる誤差である。""]","1","2",
"fe-2025-a-q003","fe-2025-a","図の木構造は2分探索木である。a〜g の値の大小関係として、適切なものはどれか。ここで、a〜gの値は重複しないものとする。

![](https://res.cloudinary.com/dfortrdss/image/upload/v1777279604/msedge_SlvOyIPpwY_dbu5bp.png)","[""a<b<d<e<c<f<g"",""d<b<e<a<f<c<g"",""d<e<f<g<b<c<a"",""g<f<c<e<d<b<a""]","1","3",
"fe-2025-a-q004","fe-2025-a","MTBFは4,000時間, MTTRは1,000時間の装置がある。今後の6年間は、予防保守によって MTBF を前年に比べて毎年100時間ずつ改善し、遠隔保守によってMTTRを前年に比べて毎年100時間ずつ改善していく計画である。6年経過後の稼働率は幾らか。","[""0.88"",""0.90"",""0.92"",""0.94""]","2","4",
"fe-2025-a-q005","fe-2025-a","ローコード開発ツールを用いたソフトウェア開発の説明はどれか。","[""アプリケーションソフトウェアの開発基盤の上で、用意された部品やテンプレートをGUIを用いた操作で組み合わせたり、必要に応じて一部の処理のソースコードを記述したりすることによって、アプリケーションソフトウェアを作成する。"",""アプリケーションソフトウェアの開発基盤の上で、用意された部品やテンプレートをGUIを用いた操作で組み合わせるだけで、ソースコードを記述せずに、アプリケーションソフトウェアを作成する。"",""アプリケーションソフトウェアの定型的な枠組みを参照して、独自の処理のソースコードを記述することによって、アプリケーションソフトウェアを作成する。"",""利用者がシステムを利用して行う作業を自動化ツールに代行させるために、利用者によるシステムの操作手順をツールに登録する。""]","0","5",
"fe-2025-a-q006","fe-2025-a","“商品”表に対するSQL文と同じ結果が得られる SELECT文はどれか。

| 商品ID | 商品名称 | 仕入先ID | 単価 |
|---|---|---|---|
| S001 | 冷蔵庫 | M001 | 155,000 |
| S002 | 食器洗い機 | M002 | 85,000 |
| S003 | 電子レンジ | M003 | 78,000 |
| S004 | 炊飯器 | M003 | 32,000 |
| S005 | コーヒーメーカー | M004 | 15,000 |
| S006 | ホットプレート | M004 | 12,000 |

[SQL文]
```sql
SELECT * FROM 商品 WHERE 仕入先 ID IN ('M002', 'M004')
```","[""SELECT * FROM 商品 WHERE 仕入先 ID='M002' AND 仕入先 ID='M004'"",""SELECT * FROM 商品 WHERE 仕入先 ID='M002'\\nINTERSECT\\nSELECT * FROM 商品 WHERE 仕入先 ID='M004'"",""SELECT * FROM 商品 WHERE 仕入先 ID='M002' OR 仕入先 ID='M004'"",""SELECT * FROM 商品 WHERE 仕入先 ID BETWEEN 'M002' AND 'M004'""]","2","6",
"fe-2025-a-q007","fe-2025-a","1G バイトの動画データを 40M ビット/秒の回線を使用してダウンロードしたところ、5分掛かった。このときの回線利用率はおよそ何%か。ここで、ダウンロード時には動画データに20%の制御情報が付加されるものとする。","[""10"",""53"",""67"",""80""]","3","7",
"fe-2025-a-q008","fe-2025-a","HTTPとHTTPSを比較した場合において、HTTPSだけがもつ特徴を示したものはどれか。","[""cookieに保存されている情報を用いたセッション管理が可能である。"",""IDとパスワードによって利用者の認証を行うことが可能である。"",""Web ブラウザでキャッシュさせることによって通信量を減らすことが可能である。"",""通信相手先サーバをサーバ証明書によって確認することが可能である。""]","3","8",
"fe-2025-a-q009","fe-2025-a","暗号の危殆化に該当するものはどれか。","[""ある CAでデジタル証明書の署名に使っている公開鍵のデジタル証明書の有効期限が切れた。"",""ある暗号アルゴリズムの秘密鍵が不正アクセスによって漏えいした。"",""あるハッシュ関数においてハッシュ値が同じになるデータの組みを現実的な時間内で発見する方法が見つかった。"",""あるランサムウェアの一種で暗号化されたファイルの復号鍵が公開された。""]","2","9",
"fe-2025-a-q010","fe-2025-a","WAF の説明はどれか。","[""Web サイトに対するアクセス内容を監視し、攻撃とみなされるパターンを検知したときに当該アクセスを遮断する。"",""Wi-Fi アライアンスが認定した無線 LAN の暗号化方式の規格であり、AES 暗号に対応している。"",""様々なシステムの動作ログを一元的に蓄積、管理し、セキュリティ上の脅威となる事象をいち早く検知、分析する。"",""ファイアウォール機能を有し、マルウェア対策機能,侵入検知機能などの複数のセキュリティ機能を連携させ、統合的に管理する。""]","0","10",
"fe-2025-a-q011","fe-2025-a","E-R モデルにおけるエンティティの特徴はどれか。","[""エンティティとインスタンスとは、1対1の対応関係をとる。"",""エンティティとなり得るものは、物的に実現するものである。"",""エンティティは、特性を表すための属性 (アトリビュート)をもつ。"",""異なった種類のエンティティ間の関係は、主として状態遷移として表現される。""]","2","11",
"fe-2025-a-q012","fe-2025-a","オブジェクト指向プログラミングの特徴のうち、異なるクラスのオブジェクトを同一のインタフェースで操作したときに、操作対象クラスに応じた異なる動作を可能にすることを何と呼ぶか。","[""委譲"",""継承"",""コンポジション"",""多相性""]","3","12",
"fe-2025-a-q013","fe-2025-a","アジャイル開発手法の一つであるスクラムにおいて、プロダクトバックログアイテムの内容や並び順を決定する役割をもつのは誰か。","[""開発者"",""顧客"",""スクラムマスタ"",""プロダクトオーナ""]","3","13",
"fe-2025-a-q014","fe-2025-a","図は、あるプロジェクトの作業A~Iとその作業日数を表している。このプロジェクトの最短所要日数は何日か。![](https://res.cloudinary.com/dfortrdss/image/upload/v1777279628/msedge_23kazoWsuY_wjarc0.png)","[""27"",""28"",""29"",""31""]","3","14",
"fe-2025-a-q015","fe-2025-a","サーバ室の物理的な安全対策の状況について、情報セキュリティ管理基準(平成28年)に照らして、情報セキュリティ監査を行って判明した状況のうち、監査人が、指摘事項として監査報告書に記載すべきものはどれか。","[""サーバが設置されている施設の無人領域では、営業時間中でも、警報装置が作動するようになっている。"",""サーバ室に非常口,避難器具,誘導灯などを設置している。"",""社外からサーバ室へ直接出入りするドアを設置しているが、出入りを考慮して常時施錠していない。"",""場所が分からないように、サーバ室の所在を室外に表示していない。""]","2","15",
"fe-2025-a-q016","fe-2025-a","データマイニングの手法の一つであって、POS などの蓄積データから“一緒に買われる商品”の組合せを発見する分析手法はどれか。","[""3C分析"",""ABC 分析"",""コンジョイント分析"",""マーケットバスケット分析""]","3","16",
"fe-2025-a-q017","fe-2025-a","インターネット上の生成 AI サービスを利用する際に、オプトアウトを設定することはどのような場合に有効か。","[""個々の利用者が、自身が生成 AI から得た情報に対して、著作権を主張したい場合"",""個々の利用者が入力した情報を、生成AI の学習に利用させたくない場合"",""個々の利用者が入力した情報を、生成 AI を通じて、他の利用者にも知ってほしい場合"",""生成AIから得た情報の信ぴょう性を高めたい場合""]","1","17",
"fe-2025-a-q018","fe-2025-a","物販事業において、ロングテールをビジネスとして成功させるために必要な施策はどれか。","[""多くの有名ブランド店が出店するショッピングモールの構築"",""交通の利便性が高い地域に対する、生活必需品を広く浅く取りそろえた出店計画"",""店舗で購入した商品を近隣地域に無償で配送するサービスの実施"",""豊富な品ぞろえと、在庫コストや配送費用を抑えるための大規模な物流センタの構築や活用""]","3","18",
"fe-2025-a-q019","fe-2025-a","表の条件で喫茶店を開業したい。月 10 万円の利益を出すためには，1 客席当たり 1 日平均何人の客が必要か。

<table>
  <tbody>
    <tr>
      <td>客 1 人当たりの売上高</td>
      <td>500 円</td>
    </tr>
    <tr>
      <td>客 1 人当たりの変動費</td>
      <td>100 円</td>
    </tr>
    <tr>
      <td>固定費</td>
      <td>300,000 円／月</td>
    </tr>
    <tr>
      <td>1 か月の営業日数</td>
      <td>20 日</td>
    </tr>
    <tr>
      <td>客席数</td>
      <td>10 席</td>
    </tr>
  </tbody>
</table>","[""3.75"",""4"",""4.2"",""5""]","3","19",
"fe-2025-a-q020","fe-2025-a","カーボンフットプリントの説明として、適切なものはどれか。","[""温室効果ガスの排出量から吸収量と除去量を差し引いた合計をゼロにする取組"",""原材料調達から廃棄・リサイクルに至るまでのライフサイクル全体を通して排出される温室効果ガスの排出量を、CO₂量に換算して、その値を商品やサービスに表示すること"",""自動車のエンジンから排出される一酸化炭素,窒素酸化物や炭化水素類などの大気汚染物質の排出量の定め"",""商品がどのような場所で作られて、流通し、販売されているかを把握するための仕組み""]","1","20",
"it-passport-2024-q001","it-passport-2024","マーケティングオートメーション（MA）に関する記述として，最も適切なものはどれか。","[""企業内に蓄積された大量のデータを分析して，事業戦略などに有効活用する。"",""小売業やサービス業において，販売した商品単位の情報の収集・蓄積及び分析を行う。"",""これまで人間が手作業で行っていた定型業務を，AI や機械学習などを取り入れたソフトウェアのロボットが代行することによって自動化や効率化を図る。"",""見込み顧客の抽出，獲得，育成などの営業活動を効率化する。""]","3","1",
"it-passport-2024-q002","it-passport-2024","情報システムに不正に侵入し，サービスを停止させて社会的混乱を生じさせるような行為に対して，国全体で体系的に防御施策を講じるための基本理念を定め，国の責務などを明らかにした法律はどれか。","[""公益通報者保護法"",""サイバーセキュリティ基本法"",""不正アクセス禁止法"",""プロバイダ責任制限法""]","1","2",
"it-passport-2024-q003","it-passport-2024","未来のある時点に目標を設定し，そこを起点に現在を振り返り，目標実現のために現在すべきことを考える方法を表す用語として，最も適切なものはどれか。","[""PoC (Proof of Concept)"",""PoV (Proof of Value)"",""バックキャスティング"",""フォアキャスティング""]","2","3",
"it-passport-2024-q004","it-passport-2024","従来の金融情報システムは堅ろう性が高い一方，柔軟性に欠け，モバイル技術などの情報革新に追従したサービスの迅速な提供が難しかった。これを踏まえて，インターネット関連技術の取込みやそれらを活用するベンチャー企業と組むなどして，新たな価値や革新的なサービスを提供していく潮流を表す用語として，最も適切なものはどれか。","[""オムニチャネル"",""フィンテック"",""ブロックチェーン"",""ワントゥワンマーケティング""]","1","4",
"it-passport-2024-q005","it-passport-2024","ベンチャーキャピタルに関する記述として，最も適切なものはどれか。","[""新しい技術の獲得や，規模の経済性の追求などを目的に，他の企業と共同出資会社を設立する手法"",""株式売却による利益獲得などを目的に，新しい製品やサービスを武器に市場に参入しようとする企業に対して出資などを行う企業"",""新サービスや技術革新などの創出を目的に，国や学術機関，他の企業など外部の組織と共創関係を結び，積極的に技術や資源を交換し，自社に取り込む手法"",""特定された課題の解決を目的に，一定の期間を定めて企業内に立ち上げられ，構成員を関連部門から招集し，目的が達成された時点で解散する組織""]","1","5",
"it-passport-2024-q006","it-passport-2024","技術戦略の策定や技術開発の推進といった技術経営に直接の責任をもつ役職はどれか。","[""CEO"",""CFO"",""COO"",""CTO""]","3","6",
"it-passport-2024-q007","it-passport-2024","システム開発の上流工程において，業務プロセスのモデリングを行う目的として，最も適切なものはどれか。","[""業務プロセスで取り扱う大量のデータを，統計的手法や AI 手法などを用いて分析し，データ間の相関関係や隠れたパターンなどを見いだすため"",""業務プロセスを可視化することによって，適切なシステム設計のベースとなる情報を整備し，関係者間で解釈を共有できるようにするため"",""個々の従業員がもっている業務に関する知識・経験やノウハウを社内全体で共有し，創造的なアイディアを生み出すため"",""プロジェクトに必要な要員を調達し，チームとして組織化して，プロジェクトの目的の達成に向けて一致団結させるため""]","1","7",
"it-passport-2024-q008","it-passport-2024","表は A 社の期末の損益計算書から抜粋した資料である。当期純利益が800百万円であるとき，販売費及び一般管理費は何百万円か。

単位 百万円

| 科目 | 金額 |
|---|---|
|売上高|8,000|
|売上原価|6,000|
|販売費及び一般管理費|    |
|営業外収益|150|
|営業外費用|50|
|特別利益|60|
|特別損失|10|
|法人税等|350|","[""850"",""900"",""1,000"",""1,200""]","2","8",
"it-passport-2024-q009","it-passport-2024","企業の戦略立案やマーケティングなどで使用されるフェルミ推定に関する記述として，最も適切なものはどれか。","[""正確に算出することが極めて難しい数量に対して，把握している情報と論理的な思考プロセスによって概数を求める手法である。"",""特定の集団と活動を共にしたり，人々の動きを観察したりすることによって，慣習や嗜好，地域や組織を取り巻く文化を類推する手法である。"",""入力データと出力データから，その因果関係を統計的に推定する手法である。"",""有識者のグループに繰り返し同一のアンケート調査とその結果のフィードバックを行うことによって，ある分野の将来予測に関する総意を得る手法である。""]","0","9",
"it-passport-2024-q010","it-passport-2024","不正競争防止法で規定されている限定提供データに関する記述として，最も適切なものはどれか。","[""特定の第三者に対し，1回に限定して提供する前提で保管されている技術上又は営業上の情報は限定提供データである。"",""特定の第三者に提供する情報として電磁的方法によって相当量蓄積され管理されている技術上又は営業上の情報（秘密として管理されているものを除く）は限定提供データである。"",""特定の第三者に提供するために，金庫などで物理的に管理されている技術上又は営業上の情報は限定提供データである。"",""不正競争防止法に定めのある営業秘密は限定提供データである。""]","1","10",
"it-passport-2024-q011","it-passport-2024","品質に関する組織やプロセスの運営管理を標準化し，マネジメントの質や効率の向上を目的とした方策として，適切なものはどれか。","[""ISMS の導入"",""ISO 9001 の導入"",""ITIL の導入"",""プライバシーマークの取得""]","1","11",
"it-passport-2024-q012","it-passport-2024","AI に関するガイドラインの一つである“人間中心の AI 社会原則”に定められている七つの“AI 社会原則”のうち、“イノベーションの原則”に関する記述として，最も適切なものはどれか。","[""AI の発展によって人も併せて進化するように，国際化や多様化を推進し，大学，研究機関，企業など，官民における連携と，柔軟な人材の移動を促進する。"",""AI の利用がもたらす結果については，問題の特性に応じて，AI の開発，提供，利用に携わった関係者が分担して責任を負う。"",""サービスの提供者は，AI を利用している事実やデータの取得方法や使用方法，結果の適切性について，利用者に対する適切な説明を行う。"",""情報弱者を生み出さないために，幼児教育や初等中等教育において，AI 活用や情報リテラシーに関する教育を行う。""]","0","12",
"it-passport-2024-q013","it-passport-2024","金融機関では，同一の顧客で複数の口座をもつ個人や法人について，氏名又は法人名，生年月日又は設立年月日，電話番号，住所又は所在地などを手掛かりに集約し，顧客ごとの預金の総額を正確に把握する作業が行われる。このように顧客がもつ複数の口座を，顧客ごとに取りまとめて一元管理する手続を表す用語として，最も適切なものはどれか。","[""アカウントアグリゲーション"",""キーマッピング"",""垂直統合"",""名寄せ""]","3","13",
"it-passport-2024-q014","it-passport-2024","ある商品の販売量と気温の関係が一次式で近似できるとき，予測した気温から商品の販売量を推定する手法として，適切なものはどれか。","[""回帰分析"",""線形計画法"",""デルファイ法"",""パレート分析""]","0","14",
"it-passport-2024-q015","it-passport-2024","必要な時期に必要な量の原材料や部品を調達することによって，工程間の在庫をできるだけもたないようにする生産方式はどれか。","[""BPO"",""CIM"",""JIT"",""OEM""]","2","15",
"it-passport-2024-q016","it-passport-2024","RPA が適用できる業務として，最も適切なものはどれか。","[""ゲームソフトのベンダーが，ゲームソフトのプログラムを自動で改善する業務"",""従業員の交通費精算で，交通機関利用区間情報と領収書データから精算伝票を作成する業務"",""食品加工工場で，産業用ロボットを用いて冷凍食品を自動で製造する業務"",""通信販売業で，膨大な顧客の購買データから顧客の購買行動に関する新たな法則を見つける業務""]","1","16",
"it-passport-2024-q017","it-passport-2024","技術開発戦略において作成されるロードマップを説明しているものはどれか。","[""技術の競争力レベルと技術のライフサイクルを2軸としたマトリックス上に，自社の技術や新しい技術をプロットする。"",""研究開発への投資とその成果を2軸とした座標上に，技術の成長過程をグラフ化し，旧技術から新技術への転換状況を表す。"",""市場面からの有望度と技術面からの有望度を2軸としたマトリックス上に，技術開発プロジェクトをプロットする。"",""横軸に時間，縦軸に市場，商品，技術などを示し，研究開発成果の商品化，事業化の方向性をそれらの要素間の関係で表す。""]","3","17",
"it-passport-2024-q018","it-passport-2024","コーポレートガバナンスを強化した事例として，最も適切なものはどれか。","[""女性が活躍しやすくするために労務制度を拡充した。"",""迅速な事業展開のために，他社の事業を買収した。"",""独立性の高い社外取締役の人数を増やした。"",""利益が得られにくい事業から撤退した。""]","2","18",
"it-passport-2024-q019","it-passport-2024","ある銀行では，システムの接続仕様を外部に公開し，あらかじめ契約を結んだ外部事業者のアクセスを認めることによって，利便性の高い，高度なサービスを展開しやすくしている。このような取組を表す用語として，最も適切なものはどれか。","[""BPO"",""RPA"",""オープン API"",""技術経営""]","2","19",
"it-passport-2024-q020","it-passport-2024","A社では，1千万円を投資して営業支援システムを再構築することを検討している。現状の営業支援システムの運用費が5百万円／年，再構築後の営業支援システムの運用費が4百万円／年，再構築による新たな利益の増加が2百万円／年であるとき，この投資の回収期間は何年か。ここで，これら以外の効果，費用などは考慮しないものとし，計算結果は小数点以下第2位を四捨五入するものとする。","[""2.5"",""3.3"",""5.0"",""10.0""]","1","20",
"it-passport-2024-q021","it-passport-2024","あるソフトウェアは，定額の料金や一定の期間での利用ができる形態で提供されている。この利用形態を表す用語として，適切なものはどれか。","[""アクティベーション"",""アドウェア"",""サブスクリプション"",""ボリュームライセンス""]","2","21",
"it-passport-2024-q022","it-passport-2024","インターネットを介して個人や企業が保有する住宅などの遊休資産の貸出しを仲介するサービスや仕組みを表す用語として，最も適切なものはどれか。","[""シェアードサービス"",""シェアウェア"",""シェアリングエコノミー"",""ワークシェアリング""]","2","22",
"it-passport-2024-q023","it-passport-2024","A社はRPAソフトウェアを初めて導入するに当たり，計画策定フェーズ，先行導入フェーズ，本格導入フェーズの3段階で進めようと考えている。次のうち，計画策定フェーズで実施する作業として，適切なものだけを全て挙げたものはどれか。

a RPAソフトウェアの適用可能性を見極めるための概念検証を実施する。
b RPAソフトウェアを全社展開するための導入と運用の手順書を作成する。
c 部門，業務を絞り込んでRPAソフトウェアを導入し，効果を実測する。","[""a"",""a, c"",""b"",""b, c""]","0","23",
"it-passport-2024-q024","it-passport-2024","式は定期発注方式で原料の発注量を求める計算式である。a〜c に入れる字句の適切な組合せはどれか。

発注量 = ( [: a] + 調達期間 ) × 毎日の使用予定量 + [: b]
－ 現在の在庫量 － [___: c]","[""a: 営業日数, b: 安全在庫量, c: 現在の発注残"",""a: 営業日数, b: 現在の発注残, c: 安全在庫量"",""a: 発注間隔, b: 安全在庫量, c: 現在の発注残"",""a: 発注間隔, b: 現在の発注残, c: 安全在庫量""]","2","24",
"it-passport-2024-q025","it-passport-2024","史跡などにスマートフォンを向けると、昔あった建物の画像や説明情報を現実の風景と重ねるように表示して、観光案内をできるようにした。ここで活用した仕組みを表す用語として、最も適切なものはどれか。","[""AR"",""GUI"",""VR"",""メタバース""]","0","25",
"it-passport-2024-q026","it-passport-2024","データサイエンティストの役割に関する記述として、最も適切なものはどれか。","[""機械学習や統計などの手法を用いてビッグデータを解析することによって、ビジネスに活用するための新たな知見を獲得する。"",""企業が保有する膨大なデータを高速に検索できるように、パフォーマンスの高いデータベースを運用するためのシステム基盤を構築する。"",""企業における情報システムに関するリスクを評価するために、現場でのデータの取扱いや管理についての実態を調査する。"",""企業や組織における安全な情報システムの企画、設計、開発、運用を、サイバーセキュリティに関する専門的な知識や技能を活用して支援する。""]","0","26",
"it-passport-2024-q027","it-passport-2024","個人情報保護法では，あらかじめ本人の同意を得ていなくても個人データの提供が許される行為を規定している。この行為に該当するものだけを，全て挙げたものはどれか。

a 事故で意識不明の人がもっていた本人の社員証を見て，搬送先の病院が本人の会社に電話してきたので，総務の担当者が本人の自宅電話番号を教えた。

b 新規加入者を勧誘したいと保険会社の従業員に頼まれたので，総務の担当者が新入社員の名前と所属部門のリストを渡した。

c 不正送金等の金融犯罪被害者に関する個人情報を，類似犯罪の防止対策を進める捜査機関からの法令に基づく要請に応じて，総務の担当者が提供した。","[""a"",""a, c"",""b, c"",""c""]","1","27",
"it-passport-2024-q028","it-passport-2024","次の事例のうち，AI を導入することによって業務の作業効率が向上したものだけを全て挙げたものはどれか。

a 食品専門商社の A 社が，取引先ごとに様式が異なる手書きの請求書に記載された文字を自動で読み取ってデータ化することによって，事務作業時間を削減した。

b 繊維製造会社の B 社が，原材料を取引先に発注する定型的な PC の操作を自動化するツールを導入し，事務部門の人員を削減した。

c 損害保険会社の C 社が，自社のコールセンターへの問合せに対して，オペレーターにつなげる前に音声チャットボットでヒアリングを行うことによって，オペレーターの対応時間を短縮した。

d 物流会社の D 社が，配送荷物に電子タグを装着して出荷時に配送先を電子タグに書き込み，配送時にそれを確認することによって，誤配送を削減した。","[""a, c"",""b, c"",""b, d"",""c, d""]","0","28",
"it-passport-2024-q029","it-passport-2024","ある企業が、顧客を引き付ける優れた UX（User Experience）やビジネスモデルをデジタル技術によって創出し、業界における従来のサービスを駆逐してしまうことによって、その業界の既存の構造が破壊されるような現象を表す用語として、最も適切なものはどれか。","[""デジタルサイネージ"",""デジタルディスラプション"",""デジタルディバイド"",""デジタルトランスフォーメーション""]","1","29",
"it-passport-2024-q030","it-passport-2024","上司から自社の当期の損益計算書を渡され、""我が社の収益性分析をしなさい""と言われた。経営に関する指標のうち、この損益計算書だけから計算できるものだけを全て挙げたものはどれか。

a 売上高増加率
b 売上高利益率
c 自己資本利益率","[""a"",""a、b"",""a、b、c"",""b""]","3","30",
"it-passport-2024-q031","it-passport-2024","顧客との個々のつながりを意識して情報を頻繁に更新するSNSなどのシステムとは異なり、会計システムのように高い信頼性と安定稼働が要求される社内情報を扱うシステムの概念を示す用語として、最も適切なものはどれか。","[""IoT（Internet of Things）"",""PoC（Proof of Concept）"",""SoE（Systems of Engagement）"",""SoR（Systems of Record）""]","3","31",
"it-passport-2024-q032","it-passport-2024","労働者派遣における派遣労働者の雇用関係に関する記述のうち，適切なものはどれか。","[""派遣先との間に雇用関係があり，派遣元との間には存在しない。"",""派遣元との間に雇用関係があり，派遣先との間には存在しない。"",""派遣元と派遣先のいずれの間にも雇用関係が存在する。"",""派遣元と派遣先のいずれの間にも雇用関係は存在しない。""]","1","32",
"it-passport-2024-q033","it-passport-2024","次の記述のうち，業務要件定義が曖昧なことが原因で起こり得る問題だけを全て挙げたものはどれか。

a 企画プロセスでシステム化構想がまとまらず，システム化の承認を得られない。
b コーディングのミスによって，システムが意図したものと違う動作をする。
c システムの開発中に仕様変更による手戻りが頻発する。
d システムを受け入れるための適切な受入れテストを設計できない。","[""a, b"",""b, c"",""b, d"",""c, d""]","3","33",
"it-passport-2024-q034","it-passport-2024","顧客の特徴に応じたきめ細かい対応を行うことによって，顧客と長期的に良好な関係を築き，顧客満足度の向上や取引関係の継続につなげる仕組みを構築したい。その仕組みの構成要素の一つとして，営業活動で入手した顧客に関する属性情報や顧客との交渉履歴などを蓄積し，社内で共有できるシステムを導入することにした。この目的を達成できるシステムとして，最も適切なものはどれか。","[""CAE システム"",""MRP システム"",""SCM システム"",""SFA システム""]","3","34",
"it-passport-2024-q035","it-passport-2024","実用新案に関する記述として，最も適切なものはどれか。","[""今までにない製造方法は，実用新案の対象となる。"",""自然法則を利用した技術的思想の創作で高度なものだけが，実用新案の対象となる。"",""新規性の審査に合格したものだけが実用新案として登録される。"",""複数の物品を組み合わせて考案した新たな製品は，実用新案の対象となる。""]","3","35",
"it-passport-2024-q036","it-passport-2024","プロジェクトに該当する事例として，適切なものだけを全て挙げたものはどれか。

a 会社合併に伴う新組織への移行
b 社内システムの間合せや不具合を受け付けるサービスデスクの運用
c 新規の経理システム導入に向けたプログラム開発
d 毎年度末に実施する会計処理","[""a, c"",""b, c"",""b, d"",""c""]","0","36",
"it-passport-2024-q037","it-passport-2024","システム開発プロジェクトを終結する時に，プロジェクト統合マネジメントで実施する活動として，最も適切なものはどれか。","[""工程の進捗の予定と実績の差異を分析する。"",""作成した全ての成果物の一覧を確認する。"",""総費用の予算と実績の差異を分析する。"",""知識や教訓を組織の資産として登録する。""]","3","37",
"it-passport-2024-q038","it-passport-2024","あるシステムの運用において，利用者との間で SLA を交わし，利用可能日を月曜日から金曜日，1日の利用可能時間を7時から22時まで，稼働率を98%以上で合意した。1週間の運用において，障害などでシステムの停止を許容できる時間は最大何時間か。","[""0.3"",""1.5"",""1.8"",""2.1""]","1","38",
"it-passport-2024-q039","it-passport-2024","サービスデスクを評価するためには適切な KPI を定めて評価する必要がある。顧客満足度を高めるために値が小さい方が良い KPI として，適切なものだけを全て挙げたものはどれか。

a SLA で合意された目標時間内に対応が完了したインシデント件数の割合
b 1回の問合せで解決ができたインシデント件数の割合
c 二次担当へエスカレーションされたインシデント件数の割合
d 利用者がサービスデスクの担当者につながるまでに費やした時間","[""a, b"",""a, d"",""b, c"",""c, d""]","3","39",
"it-passport-2024-q040","it-passport-2024","アジャイル開発に関する記述として，最も適切なものはどれか。","[""開発する機能を小さい単位に分割して，優先度の高いものから短期間で開発とリリースを繰り返す。"",""共通フレームを適用して要件定義，設計などの工程名及び作成する文書を定義する。"",""システム開発を上流工程から下流工程まで順番に進めて，全ての開発工程が終了してからリリースする。"",""プロトタイプを作成して利用者に確認を求め，利用者の評価とフィードバックを行いながら開発を進めていく。""]","0","40",
"it-passport-2024-q041","it-passport-2024","あるプロジェクトの作業間の関係と所要時間がアローダイアグラムで示されている。このアローダイアグラムのBからEの四つの結合点のうち，工程全体の完了時間に影響を与えることなく，その結合点から始まる全ての作業の開始を最も遅らせることができるものはどれか。ここで，各結合点から始まる作業はその結合点に至る作業が全て完了するまで開始できず，作業から次の作業への段取り時間は考えないものとする。

mermaid
graph LR
    A((A)) -- 15 --> B((B))
    A -- 10 --> C((C))
    B -- 10 --> D((D))
    B -- 25 --> E((E))
    C -- 15 --> E
    D -- 20 --> F((F))
    D -- 10 --> E
    E -- 15 --> F
","[""B"",""C"",""D"",""E""]","1","41",
"it-passport-2024-q042","it-passport-2024","システム監査人の役割として，適切なものだけを全て挙げたものはどれか。

a 監査手続の種類，実施時期，適用範囲などについて，監査計画を立案する。
b 監査の目的に応じた監査報告書を作成し，社内に公開する。
c 監査報告書にある改善提案に基づく改善の実施を監査対象部門に指示する。
d 監査報告書にある改善提案に基づく改善の実施状況をモニタリングする。","[""a, b"",""a, d"",""b, c"",""c, d""]","1","42",
"it-passport-2024-q043","it-passport-2024","情報システムに関する施設や設備を維持・保全するために行うリスク対策のうち，ファシリティマネジメントの観点から行う対策として，適切なものだけを全て挙げたものはどれか。

a コンピュータ室への入室を，認可した者だけに限定する。
b コンピュータの設置場所を示す標識を掲示しない。
c 利用者の PC にマルウェア対策ソフトを導入する。","[""a"",""a, b"",""a, c"",""b, c""]","1","43",
"it-passport-2024-q044","it-passport-2024","提供している IT システムが事業のニーズを満たせるように，人材，プロセス，情報技術を適切に組み合わせ，継続的に改善して管理する活動として，最も適切なものはどれか。","[""IT サービスマネジメント"",""システム監査"",""ヒューマンリソースマネジメント"",""ファシリティマネジメント""]","0","44",
"it-passport-2024-q045","it-passport-2024","本番稼働後の業務遂行のために，業務別にサービス利用方法の手順を示した文書として，最も適切なものはどれか。","[""FAQ"",""サービスレベル合意書"",""システム要件定義書"",""利用者マニュアル""]","3","45",
"it-passport-2024-q046","it-passport-2024","IT サービスマネジメントの管理プロセスに関する記述 a～c と用語の適切な組合せはどれか。

a IT サービスの変更を実装するためのプロセス
b インシデントの根本原因を突き止めて解決策を提供するためのプロセス
c 組織が所有している IT 資産を把握するためのプロセス

| | a | b | c |
|---|---|---|---|
| ア | 構成管理 | 問題管理 | リリース及び展開管理 |
| イ | 構成管理 | リリース及び展開管理 | 問題管理 |
| ウ | 問題管理 | リリース及び展開管理 | 構成管理 |
| エ | リリース及び展開管理 | 問題管理 | 構成管理 |","[""a: 構成管理, b: 問題管理, c: リリース及び展開管理"",""a: 構成管理, b: リリース及び展開管理, c: 問題管理"",""a: 問題管理, b: リリース及び展開管理, c: 構成管理"",""a: リリース及び展開管理, b: 問題管理, c: 構成管理""]","3","46",
"it-passport-2024-q047","it-passport-2024","ソフトウェアの開発における DevOps に関する記述として，最も適切なものはどれか。","[""開発側が重要な機能のプロトタイプを作成し，顧客とともにその性能を実測して妥当性を評価する。"",""開発側では，開発の各工程でその工程の完了を判断した上で次工程に進み，総合テストで利用者が参加して操作性の確認を実施した後に運用側に引き渡す。"",""開発側と運用側が密接に連携し，自動化ツールなどを活用して機能の導入や更新などを迅速に進める。"",""システム開発において，機能の拡張を図るために，固定された短期間のサイクルを繰り返しながらプログラムを順次追加する。""]","2","47",
"it-passport-2024-q048","it-passport-2024","システム監査で用いる判断尺度の選定方法に関する記述として，最も適切なものはどれか。","[""システム監査ではシステム管理基準の全項目をそのまま使用しなければならない。"",""システム監査のテーマに応じて，システム管理基準以外の基準を使用してもよい。"",""システム監査のテーマによらず，システム管理基準以外の基準は使用すべきでない。"",""アジャイル開発では，システム管理基準は使用すべきでない。""]","1","48",
"it-passport-2024-q049","it-passport-2024","ソフトウェア開発プロジェクトにおける，コストの見積手法には，積み上げ法，ファンクションポイント法，類推見積法などがある。見積りで使用した手法とその特徴に関する記述 a～c の適切な組合せはどれか。

a プロジェクトに必要な個々の作業を洗い出し，その作業ごとの工数を見積もって集計する。
b プロジェクトの初期段階で使用する手法で，過去の事例を活用してコストを見積もる。
c データ入出力や機能に着目して，ソフトウェア規模を見積もり，係数を乗ずるなどしてコストを見積もる。

| | 積み上げ法 | ファンクションポイント法 | 類推見積法 |
|---|---|---|---|
| ア | a | c | b |
| イ | b | a | c |
| ウ | c | a | b |
| エ | c | b | a |","[""積み上げ法: a, ファンクションポイント法: c, 類推見積法: b"",""積み上げ法: b, ファンクションポイント法: a, 類推見積法: c"",""積み上げ法: c, ファンクションポイント法: a, 類推見積法: b"",""積み上げ法: c, ファンクションポイント法: b, 類推見積法: a""]","0","49",
"it-passport-2024-q050","it-passport-2024","ソフトウェア製品の品質特性を，移植性，機能適合性，互換性，使用性，信頼性，性能効率性，セキュリティ，保守性に分類したとき，RPA ソフトウェアの使用性に関する記述として，最も適切なものはどれか。","[""RPA が稼働する PC の OS が変わっても動作する。"",""RPA で指定した時間及び条件に基づき，適切に自動処理が実行される。"",""RPA で操作対象となるアプリケーションソフトウェアがバージョンアップされても，簡単な設定変更で対応できる。"",""RPA を利用したことがない人でも，簡単な教育だけで利用可能になる。""]","3","50",
"it-passport-2024-q051","it-passport-2024","システム開発プロジェクトにおいて，テスト中に発見された不具合の再発防止のために不具合分析を行うことにした。テスト結果及び不具合の内容を表に記入し，不具合ごとに根本原因を突き止めた後に，根本原因ごとに集計を行い発生頻度の多い順に並べ，主要な根本原因の特定を行った。ここで利用した図表のうち，根本原因を集計し，発生頻度順に並べて棒グラフで示し，累積値を折れ線グラフで重ねて示したものはどれか。","[""散布図"",""チェックシート"",""特性要因図"",""パレート図""]","3","51",
"it-passport-2024-q052","it-passport-2024","システム開発プロジェクトにおいて、新機能の追加要求が変更管理委員会で認可された後にプロジェクトスコープマネジメントで実施する活動として、適切なものはどれか。","[""新機能を追加で開発するためにWBSを変更し、コストの詳細な見積りをするための情報として提供する。"",""新機能を追加で開発するためのWBSのアクティビティの実行に必要なスキルを確認し、必要に応じてプロジェクトチームの能力向上を図る。"",""変更されたWBSに基づいてスケジュールを作成し、完了時期の見通しを提示する。"",""変更されたWBSに基づいて要員の充足度を確認し、必要な場合は作業の外注を検討する。""]","0","52",
"it-passport-2024-q053","it-passport-2024","ITガバナンスに関する次の記述中のaに入れる字句として、最も適切なものはどれか。

経営者は、[a]の事業の目的を支援する観点で、効果的、効率的かつ受容可能な[a]のITの利用について評価する。","[""過去と現在"",""現在"",""現在と将来"",""将来""]","2","53",
"it-passport-2024-q054","it-passport-2024","事業活動に関わる法令の遵守などを目的の一つとして、統制環境、リスクの評価と対応、統制活動、情報と伝達、モニタリング、ITへの対応から構成される取組はどれか。","[""CMMI"",""ITIL"",""内部統制"",""リスク管理""]","2","54",
"it-passport-2024-q055","it-passport-2024","システム監査の目的に関する記述として，適切なものはどれか。","[""開発すべきシステムの具体的な用途を分析し，システム要件を明らかにすること"",""情報システムが設置されている施設とその環境を総合的に企画，管理，活用すること"",""情報システムに係るリスクに適切に対応しているかどうかを評価することによって，組織体の目標達成に寄与すること"",""知識，スキル，ツール及び技法をプロジェクト活動に適用することによって，プロジェクトの要求事項を満足させること""]","2","55",
"it-passport-2024-q056","it-passport-2024","PCにおいて，電力供給を断つと記憶内容が失われるメモリ又は記憶媒体はどれか。","[""DVD-RAM"",""DRAM"",""ROM"",""フラッシュメモリ""]","1","56",
"it-passport-2024-q057","it-passport-2024","暗号化方式の特徴について記した表において，表中の a～d に入れる字句の適切な組合せはどれか。

| 暗号方式 | 鍵の特徴 | 鍵の安全な配布 | 暗号化／復号の相対的な処理速度 |
|---|---|---|---|
| a | 暗号化鍵と復号鍵が異なる | 容易 | c |
| b | 暗号化鍵と復号鍵が同一 | 難しい | d |","[""a: 共通鍵暗号方式, b: 公開鍵暗号方式, c: 遅い, d: 速い"",""a: 共通鍵暗号方式, b: 公開鍵暗号方式, c: 速い, d: 遅い"",""a: 公開鍵暗号方式, b: 共通鍵暗号方式, c: 遅い, d: 速い"",""a: 公開鍵暗号方式, b: 共通鍵暗号方式, c: 速い, d: 遅い""]","2","57",
"it-passport-2024-q058","it-passport-2024","文書作成ソフトや表計算ソフトなどにおいて，一連の操作手順をあらかじめ定義しておき，実行する機能はどれか。","[""オートコンプリート"",""ソースコード"",""プラグアンドプレイ"",""マクロ""]","3","58",
"it-passport-2024-q059","it-passport-2024","OCR の役割として，適切なものはどれか。","[""10cm 程度の近距離にある機器間で無線通信する。"",""印刷文字や手書き文字を認識し，テキストデータに変換する。"",""デジタル信号処理によって，人工的に音声を作り出す。"",""利用者の指先などが触れたパネル上の位置を検出する。""]","1","59",
"it-passport-2024-q060","it-passport-2024","関係データベースを構成する要素の関係を表す図において，図中の a 〜 c に入れる字句の適切な組合せはどれか。

![](/exam-images/it-passport-2024/q060.png)","[""a: 表, b: フィールド, c: レコード"",""a: 表, b: レコード, c: フィールド"",""a: フィールド, b: 表, c: レコード"",""a: レコード, b: 表, c: フィールド""]","1","60",
"it-passport-2024-q061","it-passport-2024","cookie を説明したものはどれか。","[""Web サイトが，Web ブラウザを通じて訪問者の PC にデータを書き込んで保存する仕組み又は保存されるデータのこと"",""Web ブラウザが，アクセスした Web ページをファイルとして PC のハードディスクに一時的に保存する仕組み又は保存されるファイルのこと"",""Web ページ上で，Web サイトの紹介などを目的に掲載されている画像のこと"",""ブログの機能の一つで，リンクを張った相手に対してその旨を通知する仕組みのこと""]","0","61",
"it-passport-2024-q062","it-passport-2024","関数 convert は，整数型の配列を一定のルールで文字列に変換するプログラムである。関数 convert を convert(arrayInput) として呼び出したときの戻り値が “AABAB” になる引数 arrayInput の値はどれか。ここで，arrayInput の要素数は1以上とし，配列の要素番号は1から始まる。

〔プログラム〕
〇文字列型: convert(整数型の配列: arrayInput)
文字列型: stringOutput ← """" // 空文字列を格納
整数型: i
for (i を 1 から arrayInput の要素数 まで 1 ずつ増やす)
if (arrayInput[i] が 1 と等しい)
stringOutput の末尾 に ""A"" を追加する
else
stringOutput の末尾 に ""B"" を追加する
endif
endfor
return stringOutput","[""{0, 0, 1, 2, 1}"",""{0, 1, 2, 1, 1}"",""{1, 0, 1, 2, 0}"",""{1, 1, 2, 1, 0}""]","3","62",
"it-passport-2024-q063","it-passport-2024","SSD の全てのデータを消去し，復元できなくする方法として用いられているものはどれか。","[""Secure Erase"",""磁気消去"",""セキュアブート"",""データクレンジング""]","0","63",
"it-passport-2024-q064","it-passport-2024","情報セキュリティのリスクマネジメントにおけるリスクへの対応を，リスク共有，リスク回避，リスク保有及びリスク低減の四つに分類するとき，リスク共有の例として，適切なものはどれか。","[""災害によるシステムの停止時間を短くするために，遠隔地にバックアップセンターを設置する。"",""情報漏えいによって発生する損害賠償や事故処理の損失補填のために，サイバー保険に加入する。"",""電子メールによる機密ファイルの流出を防ぐために，ファイルを添付した電子メールの送信には上司の許可を必要とする仕組みにする。"",""ノート PC の紛失や盗難による情報漏えいを防ぐために，HDD を暗号化する。""]","1","64",
"it-passport-2024-q065","it-passport-2024","AI における機械学習の学習方法に関する次の記述中の a～c に入れる字句の適切な組合せはどれか。

教師あり学習は，正解を付けた学習データを入力することによって， [___a___] と呼ばれる手法で未知のデータを複数のクラスに分けたり， [___b___] と呼ばれる手法でデータの関係性を見つけたりすることができるようになる学習方法である。教師なし学習は，正解を付けない学習データを入力することによって， [___c___] と呼ばれる手法などで次第にデータを正しくグループ分けできるようになる学習方法である。","[""a: 回帰, b: 分類, c: クラスタリング"",""a: クラスタリング, b: 分類, c: 回帰"",""a: 分類, b: 回帰, c: クラスタリング"",""a: 分類, b: クラスタリング, c: 回帰""]","2","65",
"it-passport-2024-q066","it-passport-2024","PKI における CA (Certificate Authority) の役割に関する記述として，適切なものはどれか。","[""インターネットと内部ネットワークの間にあって，内部ネットワーク上のコンピュータに代わってインターネットにアクセスする。"",""インターネットと内部ネットワークの間にあって，パケットフィルタリング機能などを用いてインターネットから内部ネットワークへの不正アクセスを防ぐ。"",""利用者に指定されたドメイン名を基に IP アドレスとドメイン名の対応付けを行い，利用者を目的のサーバにアクセスさせる。"",""利用者の公開鍵に対する公開鍵証明書の発行や失効を行い，鍵の正当性を保証する。""]","3","66",
"it-passport-2024-q067","it-passport-2024","図に示す2台の Web サーバと1台のデータベースサーバから成る Web システムがある。Web サーバの稼働率はともに0.8とし，データベースサーバの稼働率は0.9とすると，このシステムの小数第3位を四捨五入した稼働率は幾らか。ここで，2台の Web サーバのうち少なくとも1台が稼働していて，かつ，データベースサーバが稼働していれば，システムとしては稼働しているとみなす。また，それぞれのサーバはランダムに故障が起こるものとする。

```mermaid
graph LR
    Start(( )) --- Branch[ ]
    Branch --- Web1[Web サーバ]
    Branch --- Web2[Web サーバ]
    Web1 --- Join[ ]
    Web2 --- Join[ ]
    Join --- DB[データベースサーバ]
```","[""0.04"",""0.58"",""0.86"",""0.96""]","2","67",
"it-passport-2024-q068","it-passport-2024","情報デザインで用いられる概念であり，部屋のドアノブの形で開閉の仕方を示唆するというような，人間の適切な行動を誘発する知覚可能な手掛かりのことを何と呼ぶか。","[""NUI (Natural User Interface)"",""ウィザード"",""シグニファイア"",""マルチタッチ""]","2","68",
"it-passport-2024-q069","it-passport-2024","障害に備えるために，4台のHDDを使い，1台分の容量をパリティ情報の記録に使用するRAID5を構成する。1台のHDDの容量が1Tバイトのとき，実効データ容量はおよそ何バイトか。","[""2T"",""3T"",""4T"",""5T""]","1","69",
"it-passport-2024-q070","it-passport-2024","ESSIDをステルス化することによって得られる効果として，適切なものはどれか。","[""アクセスポイントと端末間の通信を暗号化できる。"",""アクセスポイントに接続してくる端末を認証できる。"",""アクセスポイントへの不正接続リスクを低減できる。"",""アクセスポイントを介さず，端末同士で直接通信できる。""]","2","70",
"it-passport-2024-q071","it-passport-2024","インターネットで使用されているドメイン名の説明として，適切なものはどれか。","[""Web閲覧や電子メールを送受信するアプリケーションが使用する通信規約の名前"",""コンピュータやネットワークなどを識別するための名前"",""通信を行うアプリケーションを識別するための名前"",""電子メールの宛先として指定する相手の名前""]","1","71",
"it-passport-2024-q072","it-passport-2024","次の記述のうち，バイオメトリクス認証の例だけを全て挙げたものはどれか。

a Web ページに歪んだ文字の列から成る画像を表示し，読み取った文字列を利用者に入力させることによって，認証を行う。
b キーボードで特定文字列を入力させ，そのときの打鍵の速度やタイミングの変化によって，認証を行う。
c タッチパネルに手書きで氏名を入力させ，そのときの筆跡，筆圧，運筆速度などによって，認証を行う。
d タッチパネルに表示された複数の点をあらかじめ決められた順になぞらせることによって，認証を行う。","[""a, b"",""a, d"",""b, c"",""c, d""]","2","72",
"it-passport-2024-q073","it-passport-2024","IoT 機器のセキュリティ対策のうち，ソーシャルエンジニアリング対策として，最も適切なものはどれか。","[""IoT 機器とサーバとの通信は，盗聴を防止するために常に暗号化通信で行う。"",""IoT 機器の脆弱性を突いた攻撃を防止するために，機器のメーカーから最新のファームウェアを入手してアップデートを行う。"",""IoT 機器へのマルウェア感染を防止するためにマルウェア対策ソフトを導入する。"",""IoT 機器を廃棄するときは，内蔵されている記憶装置からの情報漏えいを防止するために物理的に破壊する。""]","3","73",
"it-passport-2024-q074","it-passport-2024","トランザクション処理に関する記述のうち，適切なものはどれか。","[""コミットとは，トランザクションが正常に処理されなかったときに，データベースをトランザクション開始前の状態に戻すことである。"",""排他制御とは，トランザクションが正常に処理されたときに，データベースの内容を確定させることである。"",""ロールバックとは，複数のトランザクションが同時に同一データを更新しようとしたときに，データの矛盾が起きないようにすることである。"",""ログとは，データベースの更新履歴を記録したファイルのことである。""]","3","74",
"it-passport-2024-q075","it-passport-2024","情報セキュリティの3要素である機密性，完全性及び可用性と，それらを確保するための対策の例 a 〜 c の適切な組合せはどれか。

a アクセス制御
b デジタル署名
c ディスクの二重化

| | a | b | c |
|---|---|---|---|
| ア | 可用性 | 完全性 | 機密性 |
| イ | 可用性 | 機密性 | 完全性 |
| ウ | 完全性 | 機密性 | 可用性 |
| エ | 機密性 | 完全性 | 可用性 |","[""a: 可用性, b: 完全性, c: 機密性"",""a: 可用性, b: 機密性, c: 完全性"",""a: 完全性, b: 機密性, c: 可用性"",""a: 機密性, b: 完全性, c: 可用性""]","3","75",
"it-passport-2024-q076","it-passport-2024","スマートフォンなどのタッチパネルで広く採用されている方式であり，指がタッチパネルの表面に近づいたときに，その位置を検出する方式はどれか。","[""感圧式"",""光学式"",""静電容量方式"",""電磁誘導方式""]","2","76",
"it-passport-2024-q077","it-passport-2024","出所が不明のプログラムファイルの使用を避けるために，その発行元を調べたい。
このときに確認する情報として，適切なものはどれか。","[""そのプログラムファイルのアクセス権"",""そのプログラムファイルの所有者情報"",""そのプログラムファイルのデジタル署名"",""そのプログラムファイルのハッシュ値""]","2","77",
"it-passport-2024-q078","it-passport-2024","利用者がスマートスピーカーに向けて話し掛けた内容に対して，スマートスピーカーから音声で応答するための処理手順が (1) 〜 (4) のとおりであるとき，音声認識に該当する処理はどれか。

(1) 利用者の音声をテキストデータに変換する。
(2) テキストデータを解析して，その意味を理解する。
(3) 応答する内容を決定して，テキストデータを生成する。
(4) 生成したテキストデータを読み上げる。","[""(1)"",""(2)"",""(3)"",""(4)""]","0","78",
"it-passport-2024-q079","it-passport-2024","企業などの内部ネットワークとインターネットとの間にあって，セキュリティを確保するために内部ネットワークの PC に代わって，インターネット上の Web サーバにアクセスするものはどれか。","[""DNS サーバ"",""NTP サーバ"",""ストリーミングサーバ"",""プロキシサーバ""]","3","79",
"it-passport-2024-q080","it-passport-2024","OSS (Open Source Software) に関する記述として，適切なものだけを全て挙げたものはどれか。

a OSS を利用して作成したソフトウェアを販売することができる。
b ソースコードが公開されたソフトウェアは全て OSS である。
c 著作権が放棄されているソフトウェアである。","[""a"",""a, b"",""b, c"",""c""]","0","80",
"it-passport-2024-q081","it-passport-2024","一つの表で管理されていた受注データを，受注に関する情報と商品に関する情報に分割して，正規化を行った上で関係データベースの表で管理する。正規化を行った結果の表の組合せとして，最も適切なものはどれか。ここで，同一商品で単価が異なるときは商品番号も異なるものとする。また，発注者名には同姓同名はいないものとする。

受注データ

| 受注番号 | 発注者名 | 商品番号 | 商品名 | 個数 | 単価 |
|---|---|---|---|---|---|
| T0001 | 試験花子 | M0001 | 商品1 | 5 | 3,000 |
| T0002 | 情報太郎 | M0002 | 商品2 | 3 | 4,000 |
| T0003 | 高度秋子 | M0001 | 商品1 | 2 | 3,000 |

![](/exam-images/it-passport-2024/q081.png)","[""ア"",""イ"",""ウ"",""エ""]","3","81",
"it-passport-2024-q082","it-passport-2024","ISMS クラウドセキュリティ認証に関する記述として，適切なものはどれか。","[""一度認証するだけで，複数のクラウドサービスやシステムなどを利用できるようにする認証の仕組み"",""クラウドサービスについて，クラウドサービス固有の管理策が実施されていることを認証する制度"",""個人情報について適切な保護措置を講ずる体制を整備しているクラウド事業者などを評価して，事業活動に関してプライバシーマークの使用を認める制度"",""利用者がクラウドサービスへログインするときの環境，IP アドレスなどに基づいて状況を分析し，リスクが高いと判断された場合に追加の認証を行う仕組み""]","1","82",
"it-passport-2024-q083","it-passport-2024","1から6までの六つの目をもつサイコロを3回投げたとき，1回も1の目が出ない確率は幾らか。","[""1 / 216"",""5 / 72"",""91 / 216"",""125 / 216""]","3","83",
"it-passport-2024-q084","it-passport-2024","IoT エリアネットワークでも利用され，IoT デバイスからの無線通信をほかの IoT デバイスが中継することを繰り返し，リレー方式で通信をすることによって，広範囲の通信を実現する技術はどれか。","[""GPS"",""MIMO"",""キャリアアグリゲーション"",""マルチホップ""]","3","84",
"it-passport-2024-q085","it-passport-2024","関数 binaryToInteger は，1桁以上の符号なし2進数を文字列で表した値を引数 binaryStr で受け取り，その値を整数に変換した結果を戻り値とする。例えば，引数として ""100"" を受け取ると，4を返す。プログラム中の a, b に入れる字句の適切な組合せはどれか。

〔プログラム〕
〇整数型: binaryToInteger(文字列型: binaryStr)
整数型: integerNum, digitNum, exponent, i
integerNum ← 0
for (i を 1 から binaryStr の文字数 まで 1 ずつ増やす)
digitNum ← binaryStr の末尾から i 番目の文字を整数型に変換した値
// 例: 文字 ""1"" であれば整数値1に変換
exponent ← a
integerNum ← b
endfor
return integerNum","[""a: (2 の i 乗) - 1, b: integerNum × digitNum × exponent"",""a: (2 の i 乗) - 1, b: integerNum + digitNum × exponent"",""a: 2 の (i - 1) 乗, b: integerNum × digitNum × exponent"",""a: 2 の (i - 1) 乗, b: integerNum + digitNum × exponent""]","3","85",
"it-passport-2024-q086","it-passport-2024","PDCA モデルに基づいて ISMS を運用している組織において，C (Check) で実施することの例として，適切なものはどれか。","[""業務内容の監査結果に基づいた是正処置として，サーバの監視方法を変更する。"",""具体的な対策と目標を決めるために，サーバ室内の情報資産を洗い出す。"",""サーバ管理者の業務内容を第三者が客観的に評価する。"",""定められた運用手順に従ってサーバの動作を監視する。""]","2","86",
"it-passport-2024-q087","it-passport-2024","通常の検索エンジンでは検索されず匿名性が高いので，サイバー攻撃や違法商品の取引などにも利用されることがあり，アクセスするには特殊なソフトウェアが必要になることもあるインターネット上のコンテンツの総称を何と呼ぶか。","[""RSS"",""SEO"",""クロスサイトスクリプティング"",""ダークウェブ""]","3","87",
"it-passport-2024-q088","it-passport-2024","JavaScript に関する記述として，適切なものはどれか。","[""Web ブラウザ上に，動的な振る舞いなどを組み込むことができる。"",""Web ブラウザではなく，Web サーバ上だけで動作する。"",""実行するためには，あらかじめコンパイルする必要がある。"",""名前のとおり，Java のスクリプト版である。""]","0","88",
"it-passport-2024-q089","it-passport-2024","システムの利用者認証に関する記述のうち，適切なものはどれか。","[""1回の認証で，複数のサーバやアプリケーションなどへのログインを実現する仕組みを，チャレンジレスポンス認証という。"",""指紋や声紋など，身体的な特徴を利用して本人認証を行う仕組みを，シングルサインオンという。"",""情報システムが利用者の本人確認のために用いる，数字列から成る暗証番号のことを，PINという。"",""特定の数字や文字の並びではなく，位置についての情報を覚えておき，認証時には画面に表示された表の中で，自分が覚えている位置に並んでいる数字や文字をパスワードとして入力する方式を，多要素認証という。""]","2","89",
"it-passport-2024-q090","it-passport-2024","セキュリティ対策として使用される WAF の説明として，適切なものはどれか。","[""EC などの Web サイトにおいて， Web アプリケーションソフトウェアの脆弱性を突いた攻撃からの防御や，不審なアクセスのパターンを検知する仕組み"",""インターネットなどの公共のネットワークを用いて，専用線のようなセキュアな通信環境を実現する仕組み"",""情報システムにおいて，機密データを特定して監視することによって，機密データの紛失や外部への漏えいを防止する仕組み"",""ファイアウォールを用いて，インターネットと企業の内部ネットワークとの間に緩衝領域を作る仕組み""]","0","90",
"it-passport-2024-q091","it-passport-2024","職場で不要になった PC を廃棄する場合の情報漏えい対策として，最も適切なものはどれか。","[""OS が用意しているファイル削除の機能を使って，PC 内のデータファイルを全て削除する。"",""PC にインストールされているアプリケーションを，全てアンインストールする。"",""PC に内蔵されている全ての記憶装置を論理フォーマットする。"",""専用ソフトなどを使って，PC に内蔵されている全ての記憶装置の内容を消去するために，ランダムなデータを規定回数だけ上書きする。""]","3","91",
"it-passport-2024-q092","it-passport-2024","インターネットに接続されているサーバが，1台でメール送受信機能と Web アクセス機能の両方を提供しているとき，端末のアプリケーションプログラムがそのどちらの機能を利用するかをサーバに指定するために用いるものはどれか。","[""IP アドレス"",""ドメイン"",""ポート番号"",""ホスト名""]","2","92",
"it-passport-2024-q093","it-passport-2024","関係データベースで管理している“従業員”表から，氏名が‘%葉_’に該当する従業員を抽出した。抽出された従業員は何名か。ここで，“_”は任意の1文字を表し，“%”は0文字以上の任意の文字列を表すものとする。

従業員

| 従業員番号 | 氏名 |
|---|---|
| S001 | 千葉翔 |
| S002 | 葉山花子 |
| S003 | 鈴木葉子 |
| S004 | 佐藤乙葉 |
| S005 | 秋葉彩葉 |
| S006 | 稲葉小春 |","[""1"",""2"",""3"",""4""]","1","93",
"it-passport-2024-q094","it-passport-2024","企業において情報セキュリティポリシー策定で行う作業のうち，次の作業の実施順序として，適切なものはどれか。

a 策定する責任者や担当者を決定する。
b 情報セキュリティ対策の基本方針を策定する。
c 保有する情報資産を洗い出し，分類する。
d リスクを分析する。","[""a → b → c → d"",""a → b → d → c"",""b → a → c → d"",""b → a → d → c""]","0","94",
"it-passport-2024-q095","it-passport-2024","AI の関連技術であるディープラーニングに用いられる技術として，最も適切なものはどれか。","[""ソーシャルネットワーク"",""ニューラルネットワーク"",""フィージビリティスタディ"",""フォールトトレラント""]","1","95",
"it-passport-2024-q096","it-passport-2024","A さんは次のように宛先を指定して電子メールを送信した。この電子メールの受信者に関する記述のうち，適切なものだけを全て挙げたものはどれか。

〔宛先〕
To:B さんのメールアドレス
Cc:C さんのメールアドレス
Bcc:D さんのメールアドレス, E さんのメールアドレス

(1) C さんは D さんのメールアドレスを知ることができる。
(2) D さんは C さんのメールアドレスを知ることができる。
(3) E さんは D さんのメールアドレスを知ることができる。","[""(1)"",""(1), (3)"",""(2)"",""(2), (3)""]","2","96",
"it-passport-2024-q097","it-passport-2024","次の OS のうち，OSS (Open Source Software) として提供されるものだけを全て挙げたものはどれか。

a Android
b FreeBSD
c iOS
d Linux","[""a, b"",""a, b, d"",""b, d"",""c, d""]","1","97",
"it-passport-2024-q098","it-passport-2024","ランサムウェアに関する記述として，最も適切なものはどれか。","[""PC に外部から不正にログインするための侵入路をひそかに設置する。"",""PC のファイルを勝手に暗号化し，復号のためのキーを提供することなどを条件に金銭を要求する。"",""Web ブラウザを乗っ取り，オンラインバンキングなどの通信に割り込んで不正送金などを行う。"",""自らネットワークを経由して感染を広げる機能をもち，まん延していく。""]","1","98",
"it-passport-2024-q099","it-passport-2024","GPS の電波を捕捉しにくいビルの谷間や狭い路地などでも位置を計測することができるように，特定の地域の上空に比較的長く留まる軌道をとり，GPS と併用することによって，より高い測位精度を実現するものはどれか。","[""アシスト GPS"",""ジャイロセンサー"",""準天頂衛星"",""プローブカー""]","2","99",
"it-passport-2024-q100","it-passport-2024","正しい URL を指定してインターネット上の Web サイトへアクセスしようとした利用者が，偽装された Web サイトに接続されてしまうようになった。原因を調べたところ，ドメイン名と IP アドレスの対応付けを管理するサーバに脆弱性があり，攻撃者によって，ドメイン名と IP アドレスを対応付ける情報が書き換えられていた。このサーバが受けた攻撃はどれか。","[""DDoS 攻撃"",""DNS キャッシュポイズニング"",""ソーシャルエンジニアリング"",""ドライブバイダウンロード""]","1","100",
"it-passport-2025-q001","it-passport-2025","A社がB社に作業の一部を請負契約で委託している。作業形態 a～cのうち，いわゆる偽装請負とみなされる状態だけを全て挙げたものはどれか。

a B社の従業員が，A社内において，A社の責任者の指揮命令の下で，請負契約で取り決めた作業を行っている。
b B社の従業員が，A社内において，B社の責任者の指揮命令の下で，請負契約で取り決めた作業を行っている。
c B社の従業員が，B社内において，A社の責任者の指揮命令の下で，請負契約で取り決めた作業を行っている。","[""a"",""a, b"",""a, c"",""b, c""]","2","1",
"it-passport-2025-q002","it-passport-2025","従来の情報セキュリティマネジメントシステム規格を基礎に追加で制定されたもので，クラウドサービスに対応した情報セキュリティ管理体制を構築するためのガイドライン規格として，最も適切なものはどれか。","[""ISO 14001"",""JIS Q 15001"",""ISO/IEC 27017"",""ISO 9001""]","2","2",
"it-passport-2025-q003","it-passport-2025","政府は，官民データ活用推進基本法に定められた“官民データ活用推進基本計画”を策定し，官民データの公開や活用の促進に取り組んでいる。次の組織体のうち，官民データを所有しているものだけを全て挙げたものはどれか。

a 県庁
b 大学
c 電力事業者
d 独立行政法人","[""a, b, c"",""a, b, c, d"",""a, b, d"",""a, c, d""]","1","3",
"it-passport-2025-q004","it-passport-2025","投資の優先度などの経営の戦略を策定するために，経済価値，希少性，模倣困難性及び組織の四つの要素で評価することによって，自社のもつ資源を分析する手法として，最も適切なものはどれか。","[""4P"",""PPM"",""SWOT分析"",""VRIO分析""]","3","4",
"it-passport-2025-q005","it-passport-2025","A社ではB商品の仕入れと販売を行っている。ある期のB商品の仕入単価は期首から上昇し続け，期末が最も高くなった。当該期の売上原価を“期首棚卸高＋当期商品仕入高－期末棚卸高”で計算するとき，期末棚卸高の計算に期末の仕入単価を用いると，B商品の期末棚卸高及び売上原価は，期中の仕入単価の平均値を用いる場合に比べてどのようになるか。","[""期末棚卸高，売上原価ともに上がる。"",""期末棚卸高，売上原価ともに変わらない。"",""期末棚卸高は上がり，売上原価は下がる。"",""期末棚卸高は下がり，売上原価は上がる。""]","2","5",
"it-passport-2025-q006","it-passport-2025","特定電子メール法は，電子メールによる一方的な広告宣伝メールの送信を規制する法律である。企業担当者が行った次の電子メールの送信事例のうち，特定電子メール法の規制対象となり得るものはどれか。","[""広告宣伝メールの受信を拒否する旨の意思表示がないことを確認したのち，公表されている企業のメールアドレス宛てに広告宣伝メールを送信した。"",""受信者から拒否通知があった場合には，それ以降の送信を禁止すればよいと考え，広告宣伝メールを送信した。"",""内容は事務連絡と料金請求なので問題ないと考え，受信者本人の同意なく，メールを送信した。"",""長年の取引関係にある企業担当者に対して，これまで納入してきた製品の新バージョンが完成したので，その製品に関する広告宣伝メールを送信した。""]","1","6",
"it-passport-2025-q007","it-passport-2025","新しい概念やアイディアの実証を目的とした，開発の前段階における検証を表す用語はどれか。","[""CRM"",""PoC"",""RAS"",""SLA""]","1","7",
"it-passport-2025-q008","it-passport-2025","AIの機械学習で利用するデータの取扱いに関する記述のうち，バイアスの低減やデータの品質を確保するために考えられる対策として，適切なものだけを全て挙げたものはどれか。

a 学習の目的に適したデータであることを確認する。
b データの入手元・作成来歴を確認する。
c データへのアノテーションの付与は学習目的に合わせて実施する。
d 人間の目でも同定が困難と考えられる画像認識用のデータは除外する。","[""a, b"",""a, b, c, d"",""a, d"",""b, c, d""]","1","8",
"it-passport-2025-q009","it-passport-2025","ハッカソンに関する記述として，最も適切なものはどれか。","[""定められたルールの下，ある主題について，肯定派と否定派といった異なる立場に分かれて議論する。"",""情報セキュリティ分野で活躍したいという意志をもった若者が，合宿形式で情報セキュリティに関する実践的な知識を学ぶ。"",""プログラマーやデザイナーなどから成る複数の参加チームが，与えられたテーマに関するプロトタイプを短期間で作成し，その成果を発表して競い合う。"",""問題解決や利用者獲得などゲーム的な要素のない分野に，デジタル技術を活用したゲームの要素を取り入れることによって，利用者の参加を動機づける。""]","2","9",
"it-passport-2025-q010","it-passport-2025","生成 AI において，もっともらしいが事実とは異なる内容が出力されることを表す用語として，最も適切なものはどれか。","[""エコーチェンバー"",""シンギュラリティ"",""ディープフェイク"",""ハルシネーション""]","3","10",
"it-passport-2025-q011","it-passport-2025","スマートファクトリーにおいても使用されている，FMS (Flexible Manufacturing System) に関する記述として，最も適切なものはどれか。","[""技術革新を効果的に自社の経営に取り入れることによって，企業の成長を図る。"",""生産工程の各段階で，原材料から完成製品までの資材の流れを適時・適量に管理する。"",""生産時に必要となる部品などを必要な分だけ供給することによって，生産リードタイムを短縮する。"",""複数の工作機械や産業用ロボットなどを有機的に結合し，生産プロセス全体を統括的に制御・管理する。""]","3","11",
"it-passport-2025-q012","it-passport-2025","商標法におけるサービスマークを説明したものはどれか。","[""企業が，企業そのものを他社と区別するために表示する商標である。"",""製造業者，販売業者が提供する商品を，他社の商品と区別するために表示する商標である。"",""大規模小売業者が開発したプライベートブランドの商品を，他社の商品と区別するために表示する商標である。"",""輸送業者，金融業者などが提供する役務を，他社の役務と区別するために表示する商標である。""]","3","12",
"it-passport-2025-q013","it-passport-2025","新しい IT ソリューションの活用の是非を判断するために，その IT ソリューションの提供者に，活用事例や技術情報などの提供を依頼する文書として，最も適切なものはどれか。","[""EDI"",""KPI"",""RFI"",""RFP""]","2","13",
"it-passport-2025-q014","it-passport-2025","事業，経営情報に知財情報を組み込んで分析し，現状の俯瞰や将来展望などの分析結果を事業責任者，経営者と共有し，事業戦略又は経営戦略に反映させることを表す用語として，最も適切なものはどれか。","[""CVC (Corporate Venture Capital)"",""IP ランドスケープ (Intellectual Property Landscape)"",""MOT (Management of Technology)"",""SWOT 分析""]","1","14",
"it-passport-2025-q015","it-passport-2025","事業運営における意思決定の迅速化，組織の独立採算の推進を目的とし，一つの企業の中に事業領域ごとに独立した組織を設置する組織形態はどれか。","[""カンパニー制組織"",""機能別組織"",""プロジェクト組織"",""マトリックス組織""]","0","15",
"it-passport-2025-q016","it-passport-2025","他人の電子メールの利用者 ID とパスワードの取扱いに関する記述のうち，不正アクセス禁止法で規制されている行為だけを全て挙げたものはどれか。

a 正当な理由なく本人に無断で第三者に提供する。
b 他人の電子メールの利用者 ID とパスワードを無効にするマルウェアを作成する。
c 本人に無断で使用して，メールサーバ上の電子メールを閲覧する。","[""a, b, c"",""a, c"",""b, c"",""c""]","1","16",
"it-passport-2025-q017","it-passport-2025","プロセスマイニングに関する記述として，最も適切なものはどれか。","[""一連の業務で実際に遂行したシステムの操作ログなどを収集し，現行の業務プロセスの可視化，分析，モニタリングによって業務の課題を特定して改善を図る手法やツールである。"",""業務プロセスをそれまでの習慣などにとらわれず，抜本的に再構築して業務効率の改善を図る手法である。"",""コンタクトセンターへの問合せ内容や SNS の投稿内容の分析などの業務プロセスで用いられる，膨大な文章データから必要な情報を抽出して分析する手法である。"",""大量の計算処理で正しい値を算出する一連のプロセスを通じて，暗号資産を取得する手段である。""]","0","17",
"it-passport-2025-q018","it-passport-2025","IT におけるアクセシビリティに関する記述として，最も適切なものはどれか。","[""高齢者や障害者などを含め，様々な能力や特性をもつ幅広い層の人が等しく利用できるように配慮したソフトウェア製品の設計"",""顧客データを基に顧客を識別し，コールセンターやインターネットなどの様々なチャネルを用いて顧客との関係を深める手法"",""製品，システム，サービスなどにおいて，それらを使用する場面をイメージしたり実際に利用したりすることで得られる人の感じ方や反応"",""特定のファイルやデータベースなどの情報資産に対し，参照や更新などの権限の認可や制限を確実にする手段""]","0","18",
"it-passport-2025-q019","it-passport-2025","仮想環境を用いた技術である AR 又は VR の活用事例のうち，VR の活用事例として，最も適切なものはどれか。","[""顔を覆うように頭部にゴーグルを装着し，そのゴーグル内に投影された仮想空間に広がる火災や地震の映像を見ながら避難方法をイメージすることによって，防災訓練が行える。"",""家具をオンラインで購入するときに，スマートフォンのカメラを通して画面に映っている現実の自分の部屋に，購入したい家具をリアルタイムに重ねて試し置きできる。"",""史跡などにスマートフォンを向けることによって，昔あった建物の画像や説明情報が現実の風景と重なって画面に表示される。"",""図鑑にスマートフォンをかざすことによって，図鑑の絵や写真に重なって生物の動画が見られる。""]","0","19",
"it-passport-2025-q020","it-passport-2025","ソフトウェアライフサイクルを企画プロセス，要件定義プロセス，開発プロセス，保守プロセスに分けたとき，企画プロセスのシステム化構想の立案時にベンダー企業から収集する情報として，最も適切なものはどれか。","[""システム化計画に基づいた開発コストの見積り"",""システム化する業務の分野に関する情報技術動向"",""システム構築を進めるに当たっての発注元企業の役割"",""ベンダー企業の技術者が保有している技術資格""]","1","20",
"it-passport-2025-q021","it-passport-2025","基本的な機能やサービスは無償で提供し，追加の機能やサービスを有償で提供することで利益を上げるビジネスモデルを表す用語として，最も適切なものはどれか。","[""フリーウェア"",""フリーミアム"",""フリーライド"",""フリーランス""]","1","21",
"it-passport-2025-q022","it-passport-2025","営業部のAさんは，営業担当者10人の営業実績が一目で分かるように，各営業担当者が提出する営業見込みと実績を毎月集約してグラフ化したいと考えている。この問題を解決するために適用する技術やツールとして，最も適切なものはどれか。","[""データを学習し，分析する AI"",""データを自動収集し，データベースに蓄積する IoT"",""入力したデータを，加工して見せるオフィスツール"",""ビッグデータを，様々な手法で分析するデータサイエンス""]","2","22",
"it-passport-2025-q023","it-passport-2025","コーポレートガバナンスの強化に有効な施策だけを全て挙げたものはどれか。

a 株式公開買付けによる企業の買収
b 執行役員制度の導入による経営と執行の分離
c 独立性の高い社外取締役の選任","[""a, b"",""a, b, c"",""b, c"",""c""]","2","23",
"it-passport-2025-q024","it-passport-2025","RPA に関する記述として, 最も適切なものはどれか。","[""企業の一部の業務を外部の組織に委託することによって, 自社のリソースを重要な領域に集中したり, コストの最適化や業務の高効率化などを実現したりする。"",""組立てや搬送などにハードウェアのロボットを用いることによって, 工場の生産活動の自動化を実現する。"",""システムの利用者が, 主体的にシステム管理や運用を行うことによって, 利用者の IT リテラシーの向上や, システムベンダーへの依存の軽減などを実現する。"",""ホワイトカラーの定型的な事務作業を, ソフトウェアのロボットに代替させることによって, 自動化や効率化を図る。""]","3","24",
"it-passport-2025-q025","it-passport-2025","ブロックチェーンを適用した事例として，最も適切なものはどれか。","[""証券会社が，取引の改ざんや不整合の発生を防止することを目的として，従来の社債に代わり電子的手段を用いたデジタル社債を発行した。"",""商品先物取引所を運営する認可法人が，取引量を拡大することを目的として，現在およそ1秒以上要している注文受付の応答時間を，1秒未満に改善した。"",""ビジネス路線を中心に運航する航空会社が，顧客の利便性向上と競合他社に対する競争力強化を目的として，出発1時間前まで何回でも予約の変更を可能とする新しいサービスを開始した。"",""服飾雑貨製造会社が，自社の商品企画に活用することを目的として，過去の全ての自社商品に関する大量の画像及び社内会議の音声データをデータベースに保存し，従業員がいつでも検索できるようにした。""]","0","25",
"it-passport-2025-q026","it-passport-2025","4月1日から5月31日までに，取引①から取引⑤があった。各取引の受注，売上計上，現金回収の状況が表のとおりであるとき，この取引先に対する5月31日時点の売掛金は何万円か。ここで，4月1日時点で売掛金残高はないものとする。<br><br><table><thead><tr><th>取引</th><th>日付</th><th>取引内訳</th><th>金額 (万円)</th><th>備考</th></tr></thead><tbody><tr><td rowSpan=""3"">取引①</td><td>4月2日</td><td>受注</td><td>800</td><td></td></tr><tr><td>4月10日</td><td>売上計上</td><td>800</td><td></td></tr><tr><td>4月30日</td><td>現金回収</td><td>800</td><td></td></tr><tr><td rowSpan=""3"">取引②</td><td>4月5日</td><td>受注</td><td>500</td><td></td></tr><tr><td>4月15日</td><td>売上計上</td><td>500</td><td></td></tr><tr><td>4月30日</td><td>現金回収</td><td>500</td><td></td></tr><tr><td rowSpan=""2"">取引③</td><td>5月1日</td><td>受注</td><td>1,300</td><td rowSpan=""2"">6月30日<br>回収予定</td></tr><tr><td>5月10日</td><td>売上計上</td><td>1,300</td></tr><tr><td rowSpan=""2"">取引④</td><td>5月6日</td><td>受注</td><td>1,000</td><td rowSpan=""2"">回収予定日未定</td></tr><tr><td>5月15日</td><td>売上計上</td><td>1,000</td></tr><tr><td>取引⑤</td><td>5月20日</td><td>受注</td><td>400</td><td></td></tr></tbody></table>","[""1,000"",""1,400"",""2,300"",""2,700""]","2","26",
"it-passport-2025-q027","it-passport-2025","業務と情報システムを最適にすることを目的として，業務と情報システムを現状の把握と目標とする理想像の設定から現状と理想との乖離を明確にし，目標に向けた改善活動を移行計画として定義したい。このときに用いられる手法として，最も適切なものはどれか。","[""BI (Business Intelligence)"",""EA (Enterprise Architecture)"",""MOT (Management of Technology)"",""SOA (Service Oriented Architecture)""]","1","27",
"it-passport-2025-q028","it-passport-2025","生成 AI に関する記述として，最も適切なものはどれか。","[""一切の学習を必要とせずに，新しいコンテンツを生成する。"",""過去のデータから項目間の相関などを学習したモデルを用いて，現在のデータから将来の値を予測して出力する。"",""作成したシナリオに基づいて動作するソフトウェアロボットによって，業務を自動化する。"",""自然言語で指示された内容に従って，事前に学習したデータを基に，新しいコンテンツを生成する。""]","3","28",
"it-passport-2025-q029","it-passport-2025","企業経営の中核となる考え方を，ミッション，ビジョン，バリューの三つに分けて示す場合，ビジョンとして示すものとして，最も適切なものはどれか。","[""企業の存在意義や使命"",""企業の存在意義や使命をふまえた，ある時点でのありたい姿"",""戦略を実現するために重要となる業績管理指標"",""戦略を実現するために重要となる成功要因""]","1","29",
"it-passport-2025-q030","it-passport-2025","著作権に関して，次の記述中の a，b に入れる字句の適切な組合せはどれか。
[ a ] は著作権法による保護の対象になるが， [ b ] は対象にならない。

| | a | b |
|---|---|---|
| ア | アルゴリズム | 操作マニュアル |
| イ | アルゴリズム | 通信プロトコル |
| ウ | ソースプログラム | 操作マニュアル |
| エ | ソースプログラム | 通信プロトコル |","[""a: アルゴリズム, b: 操作マニュアル"",""a: アルゴリズム, b: 通信プロトコル"",""a: ソースプログラム, b: 操作マニュアル"",""a: ソースプログラム, b: 通信プロトコル""]","3","30",
"it-passport-2025-q031","it-passport-2025","ERP システムの説明として，適切なものはどれか。","[""企業内の個人がもつ営業に関する知識やノウハウを収集し，共有することによって，効率的，効果的な営業活動を支援するシステム"",""経理や人事，生産，販売などの基幹業務と関連する情報を一元管理し，経営資源を最適配分することによって，効率的な経営の実現を支援するシステム"",""原材料の調達から生産，販売に関する情報を，企業間で共有・管理することによって，ビジネスプロセスの全体最適を目指すシステム"",""個々の顧客に関する情報や対応履歴などを管理することによって，きめ細かい顧客対応を実施し，顧客満足度の向上を支援するシステム""]","1","31",
"it-passport-2025-q032","it-passport-2025","公共交通機関での移動履歴，Web サイトでの商品検索履歴，SNS やブログで発信したデータなど，個人の活動を記録する技術，又は記録そのものを表す用語として，最も適切なものはどれか。","[""アクティビティ"",""トランザクション"",""ライフログ"",""レコードキーピング""]","2","32",
"it-passport-2025-q033","it-passport-2025","自動運転の水準は，一般的に“レベル1”から“レベル5”に分けられている。“条件付運転自動化”と呼ばれる“レベル3”が示す自動運転の水準に関する記述として，最も適切なものはどれか。","[""運転の主体はシステムであり，人間が運転する必要はないが，システムによる自動運転の継続が難しい場合は，人間が運転しなければならない。"",""運転の主体はシステムであり，人間が運転する必要はないので，ハンドルやペダルなどの運転装置は不要だが，自動運転できる地域は限られる。"",""運転の主体は人間であり，高速道路で車線を維持しながら前の自動車に付いて走る機能のように，ハンドルと加減速の操作をシステムが支援する。"",""運転の主体は人間であり，自動ブレーキや急発進防止システムのように，前方又は後方の状況によって，システムが運転の一部を支援する。""]","0","33",
"it-passport-2025-q034","it-passport-2025","ある商品を5,000個販売したところ，売上げが6,000万円，利益が400万円となった。商品1個当たりの変動費が7,000円であるとき，利益を1,000万円以上にするためには，少なくともあと何個販売すればよいか。","[""500"",""1,200"",""6,200"",""7,500""]","1","34",
"it-passport-2025-q035","it-passport-2025","マーケティング戦略の策定プロセスのうち，自社製品の差別化ポイントを明確にするものはどれか。","[""セグメンテーション"",""ターゲティング"",""プロモーション"",""ポジショニング""]","3","35",
"it-passport-2025-q036","it-passport-2025","合意したサービス提供時間帯のうち，実際に顧客が IT サービスを利用できた時間の割合で表されるものはどれか。","[""可用性"",""機能性"",""効率性"",""使用性""]","0","36",
"it-passport-2025-q037","it-passport-2025","IT サービスマネジメントに関して，次の記述中の a, b に入れる字句の適切な組合せはどれか。
[ a ] はサービス提供者と顧客との間で合意されたサービス品質に関する合意書である。[ a ] の遵守状況を確認し，IT サービスの品質を維持・改善させるための活動が [ b ] である。

| | a | b |
|---|---|---|
| ア | NDA | SCM |
| イ | NDA | SLM |
| ウ | SLA | SCM |
| エ | SLA | SLM |","[""a: NDA, b: SCM"",""a: NDA, b: SLM"",""a: SLA, b: SCM"",""a: SLA, b: SLM""]","3","37",
"it-passport-2025-q038","it-passport-2025","情報セキュリティ監査の説明として，最も適切なものはどれか。","[""一定の基準に基づいて IT システムの利活用に係る検証・評価を行い，ガバナンスの適切性などに対する保証や改善のための助言を行うもの"",""コンピュータの盗難や不正な持出しを物理的に防止し，情報セキュリティを確保するためのツール"",""組織体の価値及び組織体への信頼を向上させるために，組織体における IT システムの利活用のあるべき姿を示す IT 戦略と方針の策定及びその実現のための活動"",""組織の情報資産に関わるリスクマネジメントが効果的に実施されているかどうかの検証又は評価""]","3","38",
"it-passport-2025-q039","it-passport-2025","ソフトウェア開発モデルであるアジャイルモデルの特徴に関して，次の記述中の a, b に入れる字句の適切な組合せはどれか。
アジャイルモデルとは，要件を確定してから開発を実施するウォーターフォールモデルの [ a ] する形で提唱された， [ b ] できるようにソフトウェアを開発するための手法の総称である。

| | a | b |
|---|---|---|
| ア | 課題を改善 | 開発工程で生じる種々の変更に迅速に対応 |
| イ | 課題を改善 | 開発工程を順に実施 |
| ウ | 特徴を継承 | 開発工程で生じる種々の変更に迅速に対応 |
| エ | 特徴を継承 | 開発工程を順に実施 |","[""a: 課題を改善, b: 開発工程で生じる種々の変更に迅速に対応"",""a: 課題を改善, b: 開発工程を順に実施"",""a: 特徴を継承, b: 開発工程で生じる種々の変更に迅速に対応"",""a: 特徴を継承, b: 開発工程を順に実施""]","0","39",
"it-passport-2025-q040","it-passport-2025","変更管理委員会が設置されているプロジェクトで変更要求が発生した場合の記述として、最も適切なものはどれか。","[""変更管理委員会では、プロジェクトに関わるステークホルダ以外の第三者によって変更要求が請議される。"",""変更管理委員会は、コストの増加や期日の延期を理由に変更要求を却下してよい。"",""変更管理委員会は、スコープに変更が発生しない範囲で変更要求を受け付けなければならない。"",""変更要求は、全てプロジェクトマネジャが承認した後に変更管理委員会で審議される。""]","1","40",
"it-passport-2025-q041","it-passport-2025","システム開発プロジェクトで使用される技法のうち、スケジュール作成に用いる技法として、適切なものだけを全て挙げたものはどれか。

| 技法 | 説明 |
|---|---|
| a | DFD (Data Flow Diagram) |
| b | 回帰分析 |
| c | クリティカルパス法 |
| d | プレシデンスダイアグラム法 |","[""a, b"",""a, d"",""b, c"",""c, d""]","3","41",
"it-passport-2025-q042","it-passport-2025","床下にネットワーク配線などのために一定の高さの空間をとり、容易に取り外しが可能なパネルを床板として並べたものはどれか。

| 選択肢 | 説明 |
|---|---|
| ア | フリーアクセスフロア |
| イ | フリアドレス |
| ウ | フリースペース |
| エ | フリースポット |","[""フリーアクセスフロア"",""フリアドレス"",""フリースペース"",""フリースポット""]","0","42",
"it-passport-2025-q043","it-passport-2025","営業部門の営業員が出張する際の出張旅費の手続に関して，組織間でけん制を日常的に実施している状況の記述として，最も適切なものはどれか。","[""営業員が出張後に経理部門に提出した旅費精算の書類と証票類について，経理担当者が適切な内容であることを審査し，経理課長が承認する。"",""営業員が出張後に旅費の精算を行い，上長が承認を行う。経理部門では承認済みであるので支払を行う。"",""営業員は出張の事前申請を行って上長の承認を得た後に，切符や宿泊施設の手配を旅行会社に依頼する。"",""会計年度における営業部門の旅費精算の書類と証票類から，監査人がサンプリングして，営業員の処理内容の適切性を確認する。""]","0","43",
"it-passport-2025-q044","it-passport-2025","システム開発の早い段階で，目に見える形で利用者の要求が確認できるように確認用のソフトウェアを作成するソフトウェア開発モデルとして，最も適切なものはどれか。","[""アジャイル"",""ウォーターフォール"",""スパイラル"",""プロトタイピング""]","3","44",
"it-passport-2025-q045","it-passport-2025","計画時の予算が2,000万円で，40日間で100本のプログラムを作成するプロジェクトがある。プロジェクトが20日経過した時点で全体の40%である40本のプログラムが完成し，1,000万円のコストが掛かった。プロジェクトの指標を次の評価式で算出する場合，プロジェクトの指標として適切な組合せはどれか。ここで，各プログラムの作成に必要な日数及びコストは全て同一で，プロジェクト期間中は常に同じ量の作業が実施されるものとする。

〔評価式〕
スケジュール (%) :
(完成したプログラム本数 ÷ 評価時点での完成見込みプログラム本数) × 100
コスト (%) :
(完成したプログラムに掛かったコスト
÷ 完成したプログラム分として計画したコスト) × 100

| | スケジュール (%) | コスト (%) |
|---|---|---|
| ア | 80 | 125 |
| イ | 80 | 100 |
| ウ | 90 | 125 |
| エ | 90 | 100 |","[""スケジュール: 80, コスト: 125"",""スケジュール: 80, コスト: 100"",""スケジュール: 90, コスト: 125"",""スケジュール: 90, コスト: 100""]","0","45",
"it-passport-2025-q046","it-passport-2025","開発が完了したソフトウェアを本番環境にインストールする手順を明確にし，それを実施する工程として，適切なものはどれか。","[""ソフトウェア統合"",""ソフトウェア導入"",""妥当性確認"",""利用者教育""]","1","46",
"it-passport-2025-q047","it-passport-2025","利用者が銀行の ATM のパネルを操作して入金処理を行う。この操作の要件を定義するときに、ソフトウェア開発の品質特性である使用性を考慮すべきインタフェースとして、最も適切なものはどれか。","[""OS とパネルのインタフェース"",""ソフトウェア間のインタフェース"",""ハードウェアと OS のインタフェース"",""利用者とパネルのインタフェース""]","3","47",
"it-passport-2025-q048","it-passport-2025","顧客から委託されたシステム開発プロジェクトのスコープの対象として、適切なものだけを全て挙げたものはどれか。

a プロジェクトで作成する成果物
b プロジェクトで使用する市販のスケジュール管理ツール
c プロジェクトの要求事項を顧客が記載した文書","[""a"",""a, b"",""b, c"",""c""]","0","48",
"it-passport-2025-q049","it-passport-2025","クラウドサービスを提供するA社では，操作に関する質問に対して，サービスデスクのオペレーターが電話で対応するだけでなく，ホームページ上に FAQ を公開している。サービスデスクの受付時間は午前9時から午後6時までである。このたびサービスデスクのサービスレベルを向上させるために，顧客向けのチャットボットを導入することにした。チャットボット導入の効果として，最も適切なものはどれか。","[""オペレーターのチャットのスキルが向上する。"",""オペレーターの電話対応のスキルが向上する。"",""問合せの受付時間を拡大することが可能になる。"",""ホームページ上に掲載している FAQ の内容が充実する。""]","2","49",
"it-passport-2025-q050","it-passport-2025","チャットボットの説明として，最も適切なものはどれか。","[""質問に対して，ソフトウェアがリアルタイムで自動応答する仕組み"",""センサーを搭載した機器や制御装置が直接インターネットにつながり，お互いに情報をやり取りする仕組み"",""人間に代わって荷物を運ぶなどの作業を行う機械的な仕組み"",""ルール化された定型的な操作を人間の代わりにソフトウェアが自動で行う仕組み""]","0","50",
"it-passport-2025-q051","it-passport-2025","社内で開発及び運用を行っている経理システムの内部監査を実施するとき，システム監査人として，最も適切なものはどれか。","[""経理システムの運用担当者"",""経理システムの開発を担当した委託会社の従業員"",""経理システムの利用者である経理担当者"",""経理と IT の知識を有する経営者直轄組織の従業員""]","3","51",
"it-passport-2025-q052","it-passport-2025","A社は会計システムの再構築のプロジェクトを立ち上げ、システム開発をB社に外部委託している。B社から納品される成果物の検収において、プロジェクトの品質管理に係る手続を遵守しているかどうかのシステム監査を行う監査人として、適切な者は誰か。","[""会計システムの再構築に関与しないA社の管理部門のリーダー"",""会計システムの再構築を担当するA社のプロジェクトマネージャ"",""会計システムの再構築を担当するB社のシステム開発リーダー"",""会計システムの再構築を担当するB社の品質管理責任者""]","0","52",
"it-passport-2025-q053","it-passport-2025","内部統制の基本的要素の一つである“ITへの対応”に関する記述として、最も適切なものはどれか。","[""ITを活用すると業務処理を迅速化でき、不注意によるミスを全て防止できる。"",""既存のITの利用者の拡大や、使い方の変更などで組織目標を達成できるのであれば、新たなITシステムの導入やITシステムの更新を強いるものではない。"",""全ての業務プロセスをITで自動化することによって、業務プロセスを大幅に修正することが容易になる。"",""組織の業務がITに大きく依存すると、内部統制の目的を達成することが難しくなる。""]","1","53",
"it-passport-2025-q054","it-passport-2025","あるコールセンターでは，顧客からの電話による問合せに対応するオペレーターを支援するシステムに，顧客とオペレーターの会話の音声を認識し，顧客の問合せに対する回答の候補をオペレーターの PC の画面に表示する AI を導入した。1日の対応件数は1,000件であり，問合せ内容によって二つのグループ A, B に分けた。AI 導入前後の各グループの対応件数，対応時間が表のとおりであるとき，AI 導入後に，1,000件の問合せに対応する時間は何％短縮できたか。

AI 導入前後のグループ別の対応件数と対応時間
| | グループ A 対応件数 | グループ A 対応時間 | グループ B 対応件数 | グループ B 対応時間 |
|---|---|---|---|---|
| AI 導入前 | 800件 | 全体の60％ | 200件 | 全体の40％ |
| AI 導入後 | 800件 | AI 導入前と比べて50％短縮 | 200件 | AI 導入前と同じ時間 |","[""30"",""40"",""50"",""60""]","0","54",
"it-passport-2025-q055","it-passport-2025","システム開発プロジェクトの開始に当たり，人的資源に関する計画書を作成することにした。この計画において，要員を適切に配置し，より良いパフォーマンスを得るために考慮すべき事項として，適切なものだけを全て挙げたものはどれか。

a プロジェクトに必要なスキルが要員に不足している場合は，トレーニングを計画する。
b プロジェクトに必要なスキルよりも，要員の確保を常に優先するように計画する。
c 要員をフレキシブルに配置するために，要員の役割と責任は，プロジェクトの計画段階では明確にせず，プロジェクトの開始後に定める。","[""a"",""a, b, c"",""a, c"",""c""]","0","55",
"it-passport-2025-q056","it-passport-2025","Bluetooth に追加された仕様の一つであり，省電力性に優れているので，IoT システムを長期間運用でき，送受信デバイス間の距離を知ることにも使われているものはどれか。","[""BLE"",""IrDA"",""NFC"",""PLC""]","0","56",
"it-passport-2025-q057","it-passport-2025","HTTP プロキシサーバの機能に関する記述として，適切なものはどれか。","[""IP アドレス割当て要求を PC から受け付けて，割り当てるグローバル IP アドレスを返す。"",""PC から，インターネット上の Web サーバへの接続要求を中継役として受けて，PC に代わって当該の Web サーバに接続し，送受信データを中継する。"",""Web サーバの URL に対応する IP アドレスを求める要求を PC から受け付けて，その IP アドレスを返す。"",""Web サーバのコンテンツが検索結果の上位に表示されるように，その Web サーバが管理するコンテンツを書き換える。""]","1","57",
"it-passport-2025-q058","it-passport-2025","DNS の説明として，適切なものはどれか。","[""IP ネットワークに接続しようとするコンピュータに，IP アドレスなどを自動的に割り当てるプロトコルである。"",""ブラウザと Web サーバ間の通信を暗号化して，セキュリティを高めるために利用されるプロトコルである。"",""ホスト名やドメイン名と，IP アドレスを対応付ける仕組みである。"",""ホスト名やドメイン名と，MAC アドレスを対応付ける仕組みである。""]","2","58",
"it-passport-2025-q059","it-passport-2025","ISMS における内部監査に関する記述のうち，適切なものはどれか。","[""JIS Q 27001 の要求事項及び組織自体が規定した要求事項によって定める監査基準への適合性だけでなく，ISMS 活動の組織に対する有効性も判定する。"",""JIS Q 27001 の要求事項ではなく，組織自体が規定した要求事項を監査基準とする。"",""内部監査の実施のためのプログラムを確立するときには，前回の内部監査の結果は考慮しない。"",""不定期かつ抜き打ちでの実施を原則とする。""]","0","59",
"it-passport-2025-q060","it-passport-2025","TCP/IP ネットワークで用いられるプロトコルである FTP の役割として，適切なものはどれか。","[""正確な現在時刻を取得する。"",""電子メールを転送する。"",""ネットワーク接続に必要な IP アドレスなどの情報を自動的に割り当てる。"",""ファイルを PC 間で転送する。""]","3","60",
"it-passport-2025-q061","it-passport-2025","DBMS のトランザクションに関する記述として，適切なものはどれか。","[""あるデータベースの内容を他のデータベースに複製し，内容の同期をとる。"",""データベースに対して行った操作を，順次記録する。"",""データベースに対する一連の処理が全て成功したら変更結果を確定し，途中で失敗したら処理前の状態に戻す。"",""データベースの表の索引を作成し，検索時には索引を使用する。""]","2","61",
"it-passport-2025-q062","it-passport-2025","OS の仮想記憶方式に関する次の記述中の a 〜 c に入れる字句の適切な組合せはどれか。
プログラムの実行時に，コンピュータの [a] 装置の [b] な容量に制約されない， [c] なアドレス空間を提供する。

| | a | b | c |
|---|---|---|---|
| ア | 主記憶 | 物理的 | 論理的 |
| イ | 主記憶 | 論理的 | 物理的 |
| ウ | 補助記憶 | 物理的 | 論理的 |
| エ | 補助記憶 | 論理的 | 物理的 |","[""a: 主記憶, b: 物理的, c: 論理的"",""a: 主記憶, b: 論理的, c: 物理的"",""a: 補助記憶, b: 物理的, c: 論理的"",""a: 補助記憶, b: 論理的, c: 物理的""]","0","62",
"it-passport-2025-q063","it-passport-2025","データの尺度を名義尺度，順序尺度，間隔尺度，比例尺度の四つに分類したとき，間隔尺度に該当するものはどれか。","[""学年"",""血液型"",""時刻"",""睡眠時間""]","2","63",
"it-passport-2025-q064","it-passport-2025","Web サイトなどで RSS の表記を見かけることがある。この RSS の説明として，適切なものはどれか。","[""Web ページの統一的なデザインやレイアウトを定義するための規格"",""Web ページの見出しやリンク，要約などを記述するフォーマット"",""ネットワーク上にブックマークを登録することによって，利用価値の高い Web サイト情報を他の利用者と共有するサービス"",""ブラウザと Web サーバ間で，データを暗号化して安全に送受信するためのプロトコル""]","1","64",
"it-passport-2025-q065","it-passport-2025","DBMS において，データの検索を高速に行う目的で，必要に応じて設定して利用する情報はどれか。","[""インデックス"",""外部キー"",""主キー"",""スキーマ""]","0","65",
"it-passport-2025-q066","it-passport-2025","関係データベースで管理している次の“ログイン記録”表及び“部署”表において，ログイン結果が失敗となったことのある，又は，2022年4月10日09:00:00以前にログイン結果が成功となったことのある従業員が所属する部署名だけを全て挙げたものはどれか。

ログイン記録
| 日時 | 従業員番号 | 部署番号 | ログイン結果 |
|---|---|---|---|
| 2022-04-10 08:50:42 | 10004 | 003 | 失敗 |
| 2022-04-10 08:53:15 | 10004 | 003 | 成功 |
| 2022-04-10 08:55:48 | 10002 | 002 | 成功 |
| 2022-04-10 09:00:15 | 10001 | 001 | 成功 |
| 2022-04-10 09:01:05 | 10012 | 002 | 成功 |
| 2022-04-10 09:03:01 | 10008 | 003 | 成功 |
| 2022-04-10 09:10:28 | 10007 | 001 | 成功 |
| 2022-04-10 09:32:19 | 10002 | 002 | 成功 |
| 2022-04-10 09:39:22 | 10005 | 003 | 失敗 |
| 2022-04-10 10:00:02 | 10011 | 001 | 失敗 |
| 2022-04-10 10:05:51 | 10011 | 001 | 成功 |
| 2022-04-10 10:30:45 | 10009 | 002 | 成功 |

部署
| 部署番号 | 部署名 |
|---|---|
| 001 | 営業部 |
| 002 | システム部 |
| 003 | 人事部 |","[""営業部，システム部"",""営業部，システム部，人事部"",""営業部，人事部"",""システム部，人事部""]","1","66",
"it-passport-2025-q067","it-passport-2025","3次元画像処理の高速化や，動画をなめらかにするなどの機能をもつ，描画処理のためのハードウェアはどれか。","[""CGI"",""GPU"",""GUI"",""UPS""]","1","67",
"it-passport-2025-q068","it-passport-2025","CSIRTとして行う活動の例として，最も適切なものはどれか。","[""OSやアプリケーションソフトウェアのセキュリティパッチを定期的に適用する。"",""地震や洪水などの自然災害を想定し，情報資産を守るために全社的な事業継続計画を策定する。"",""セキュリティ事故の発生時に影響範囲を調査して，被害拡大を防止するための対策実施を支援する。"",""保守業者がサーバ室で作業した日に，作業員の入退出が適切に記録されていたことを監査する。""]","2","68",
"it-passport-2025-q069","it-passport-2025","バイオメトリクス認証の他人受入率と本人拒否率に関する次の記述中の a, b に入れる字句の適切な組合せはどれか。
バイオメトリクス認証の認証精度において，他人受入率を低く抑えようとすると [ a ] が高くなり，本人拒否率を低く抑えようとすると [ b ] が高くなる。

| | a | b |
|---|---|---|
| ア | 安全性 | 可用性 |
| イ | 安全性 | 利便性 |
| ウ | 利便性 | 安全性 |
| エ | 利便性 | 可用性 |","[""a: 安全性, b: 可用性"",""a: 安全性, b: 利便性"",""a: 利便性, b: 安全性"",""a: 利便性, b: 可用性""]","1","69",
"it-passport-2025-q070","it-passport-2025","情報セキュリティにおける脅威のうち，脆弱性を是正するセキュリティパッチをソフトウェアに適用することが最も有効な対策になるものはどれか。","[""総当たり攻撃"",""ソーシャルエンジニアリング"",""パスワードリスト攻撃"",""バッファオーバーフロー""]","3","70",
"it-passport-2025-q071","it-passport-2025","携帯電話で用いられる電波に関する次の記述中の a, b に入れる字句の適切な組合せはどれか。
電波には，周波数が [ a ] ほど回り込みやすくなり障害物の裏にも届きやすいという性質がある。日本国内の携帯電話で使用される周波数のうち，700 [ b ] 帯〜900 [ b ] 帯の周波数帯域はこの性質をもちつながりやすいことなどから，プラチナバンドと呼ばれている。

| | a | b |
|---|---|---|
| ア | 高い | GHz |
| イ | 高い | MHz |
| ウ | 低い | GHz |
| エ | 低い | MHz |","[""a: 高い, b: GHz"",""a: 高い, b: MHz"",""a: 低い, b: GHz"",""a: 低い, b: MHz""]","3","71",
"it-passport-2025-q072","it-passport-2025","見る人に意図が伝わりやすいデザインにするための四つの原則に関する次の記述中の a, b に入れる字句の適切な組合せはどれか。
〔四つの原則〕
* 近接 : 互いに関連する要素は近づけてグループにする。
* a : 要素を意図したルールに基づき配置する。
* 反復 : 要素ごとにデザインルールを繰り返す。
* b : 要素ごとの大小や強弱などの違いを明確にする。

| | a | b |
|---|---|---|
| ア | 整列 | 価値 |
| イ | 整列 | 対比 |
| ウ | 操作 | 価値 |
| エ | 操作 | 対比 |","[""a: 整列, b: 価値"",""a: 整列, b: 対比"",""a: 操作, b: 価値"",""a: 操作, b: 対比""]","1","72",
"it-passport-2025-q073","it-passport-2025","Web サービスを狙った攻撃に関する記述と攻撃の名称の適切な組合せはどれか。

a Web サービスが利用しているソフトウェアに脆弱性の存在が判明したとき，その修正プログラムが提供される前に，この脆弱性を突いて攻撃する。
b 複数のコンピュータから大量のパケットを一斉に送り付けることによって，Web サービスを正常に提供できなくさせる。
c 理論的にあり得るパスワードのパターンを順次試すことによって，正しいパスワードを見つけ，攻撃対象の Web サービスに侵入する。

| | a | b | c |
|---|---|---|---|
| ア | DDoS 攻撃 | ゼロデイ攻撃 | ブルートフォース攻撃 |
| イ | DDoS 攻撃 | ブルートフォース攻撃 | ゼロデイ攻撃 |
| ウ | ゼロデイ攻撃 | DDoS 攻撃 | ブルートフォース攻撃 |
| エ | ゼロデイ攻撃 | ブルートフォース攻撃 | DDoS 攻撃 |","[""a: DDoS 攻撃, b: ゼロデイ攻撃, c: ブルートフォース攻撃"",""a: DDoS 攻撃, b: ブルートフォース攻撃, c: ゼロデイ攻撃"",""a: ゼロデイ攻撃, b: DDoS 攻撃, c: ブルートフォース攻撃"",""a: ゼロデイ攻撃, b: ブルートフォース攻撃, c: DDoS 攻撃""]","2","73",
"it-passport-2025-q074","it-passport-2025","デジタルフォレンジックスの説明として，適切なものはどれか。","[""コンピュータに関する犯罪や法的紛争が生じた際に，コンピュータから削除された電子メールを復元するなどして，証拠を収集し保全すること"",""システムを実際に攻撃して脆弱性の有無を調べること"",""通信経路を暗号化するなどして，公衆回線をあたかも専用回線であるかのように利用すること"",""電子メールやファイルなどのハッシュデータを本人の秘密鍵で暗号化すること""]","0","74",
"it-passport-2025-q075","it-passport-2025","次の記憶媒体のうち，記憶素子として半導体メモリを用いているものだけを全て挙げたものはどれか。

a CD-ROM
b DVD-RAM
c RAM
d SSD
e USB メモリ","[""a, b, c"",""a, b, e"",""c, d, e"",""c, e""]","2","75",
"it-passport-2025-q076","it-passport-2025","商品の税込価格を計算する表計算のワークシートがある。セル B1 には消費税率が入力されており，セル B4〜B6 には税抜価格が入力されている。セル C4〜C6 に税込価格を表示するために，セル C4 に式を入力し，セル C5, C6 に複写する。セル C4 に入力する式はどれか。ここで，セル B1 は，パーセント形式で表示している。

| | A | B | C |
|---|---|---|---|
| 1 | 消費税率 | 10% | 10% |
| 2 | | | |
| 3 | 商品名 | 税抜価格（円） | 税込価格（円） |
| 4 | 商品 X | 200 | |
| 5 | 商品 Y | 500 | |
| 6 | 商品 Z | 100 | |","[""B$4 * (1 + B$1)"",""B$4 * (1 + B1)"",""B4 * (1 + B$1)"",""B4 * (1 + B1)""]","2","76",
"it-passport-2025-q077","it-passport-2025","ネットワークやホストを監視することによって，不正アクセスや不審な通信を発見し，報告する仕組みはどれか。","[""DMZ"",""IDS"",""アンチパスバック"",""ボット""]","1","77",
"it-passport-2025-q078","it-passport-2025","手続 calcMod3 を呼び出したときの出力はどれか。

〔プログラム〕
○calcMod3()
整数型: totalValue, i
totalValue ← 0
for (i を 1 から 7 まで 1 ずつ増やす)
if (i ÷ 3 の余りが 0 と等しい)
totalValue ← totalValue + i
endif
endfor
totalValue を出力する","[""2"",""3"",""7"",""9""]","3","78",
"it-passport-2025-q079","it-passport-2025","サムネイルの説明として，適切なものはどれか。","[""画像や文書ファイルの内容を縮小して表示したもの"",""処理の内容や対象が分かる小さな絵や記号のこと"",""ネット上で利用者の分身として動作するキャラクターのこと"",""複数のファイルを一つのファイルにまとめたもの""]","0","79",
"it-passport-2025-q080","it-passport-2025","AIにおいて, 広範囲かつ大量のデータで訓練されたものであり, ファインチューニングなどによって文章生成AIのような様々な用途に適応できる特徴をもつものを何というか。","[""アノテーション"",""エキスパートシステム"",""基盤モデル"",""畳み込みニューラルネットワーク""]","2","80",
"it-passport-2025-q081","it-passport-2025","イメージスキャナーで読み取った紙の書類の画像から, 印刷文字や手書きの文字を読み取り, テキストデータに変換する技術を何と呼ぶか。","[""CCD"",""DVI"",""GPU"",""OCR""]","3","81",
"it-passport-2025-q082","it-passport-2025","あるコンピュータのデータベースの内容を他のコンピュータのデータベースに複製して, 両者の内容が一致するように同期させるDBMSの機能はどれか。","[""アーカイブ"",""バックアップ"",""レプリケーション"",""ロールバック""]","2","82",
"it-passport-2025-q083","it-passport-2025","ISMS の運用に PDCA モデルを採用している組織において，サーバ監視に関する次の作業を実施する。各作業と PDCA モデルの各フェーズの組合せとして，適切なものはどれか。

〔作業〕
(1) サーバ監視の具体的な目的及び手順を定める。
(2) サーバ監視の作業内容を第三者が客観的に評価する。
(3) 定められている手順に従ってサーバを監視する。
(4) 発見された問題点の是正処置として，サーバの監視方法を変更する。

| | P | D | C | A |
|---|---|---|---|---|
| ア | (1) | (2) | (3) | (4) |
| イ | (1) | (2) | (4) | (3) |
| ウ | (1) | (3) | (2) | (4) |
| エ | (1) | (3) | (4) | (2) |","[""P:(1), D:(2), C:(3), A:(4)"",""P:(1), D:(2), C:(4), A:(3)"",""P:(1), D:(3), C:(2), A:(4)"",""P:(1), D:(3), C:(4), A:(2)""]","2","83",
"it-passport-2025-q084","it-passport-2025","ISMS における情報セキュリティ方針に関する記述として，適切なものはどれか。","[""機密事項が記載されているので，伝達する範囲を社内に限定する必要がある。"",""情報セキュリティ対策は一度実施したら終わりではないので，ISMS を継続的に改善するコミットメントを含める必要がある。"",""部門の特性に応じて最適化するので，ISMS を適用する組織全体ではなく，部門ごとに定める必要がある。"",""ボトムアップを前提としているので，各職場の管理者によって承認される必要がある。""]","1","84",
"it-passport-2025-q085","it-passport-2025","問題を解いて解答群の中から正解を選ぶ，ある AI システムがある。このシステムは，1回の学習の過程を経るごとに，学習の過程の前後の比較において，誤り率が5%低下する（前回の誤り率の95%になる）。現在の正解率が30%であるとき，正解率が35%を超えるためには，少なくともあと何回の学習の過程が必要か。","[""1"",""2"",""3"",""4""]","1","85",
"it-passport-2025-q086","it-passport-2025","動物が写っている大量の画像から犬や猫などの特徴を自動的に抽出して，動物の種類を識別できるようにする AI の技術はどれか。","[""e-ラーニング"",""アクティブラーニング"",""アダプティブラーニング"",""ディープラーニング""]","3","86",
"it-passport-2025-q087","it-passport-2025","PKI において，ある条件に当てはまるデジタル証明書の情報が公開されているリストとして CRL がある。このリストに掲載される条件として，適切なものはどれか。","[""有効期間が満了している。"",""有効期間が無期限である。"",""有効期間内に失効している。"",""有効期間を延長している。""]","2","87",
"it-passport-2025-q088","it-passport-2025","情報セキュリティ対策を，“技術的セキュリティ対策”，“人的セキュリティ対策”及び“物理的セキュリティ対策”に分類したとき，“物理的セキュリティ対策”の例として，適切なものはどれか。","[""業務に関係のない掲示板や SNS などへの従業員による書込み，閲覧を防止するために，Web サーバへのアクセスログを取得し，必要に応じて通信を遮断する。"",""サーバ室，執務室などの場所ごとにセキュリティレベルを設定し，従業員ごとのアクセス権が付与された IC カードで入退室管理を行う。"",""従業員の採用時には，守秘義務に関する契約書を取り交わし，在籍中は機密情報の取扱いに関する教育，啓発を実施する。"",""退職者が，在籍中のアカウントを用いた不正アクセスを行わないように，従業員の退職時にアカウントを削除する。""]","1","88",
"it-passport-2025-q089","it-passport-2025","A さんは，B さんから次の4種類のメッセージを受け取った。A さんが，受け取ったメッセージを復号して読むことができるものだけを全て挙げたものはどれか。

a A さんと B さんとの共通鍵で暗号化したメッセージ
b A さんの公開鍵で暗号化したメッセージ
c B さんの公開鍵で暗号化したメッセージ
d B さんの秘密鍵で暗号化したメッセージ","[""a, b, d"",""a, c, d"",""b, d"",""c, d""]","0","89",
"it-passport-2025-q090","it-passport-2025","無線 LAN のセキュリティ対策に関する記述として，適切なものはどれか。","[""API は，複数のアクセスポイントをグループ化して管理する ID である。"",""SSH は，アクセスポイントをステルス化することで無線 LAN ネットワークを隠蔽する機能である。"",""VPN は，アクセスポイントに登録した MAC アドレスをもつ機器以外からの接続を拒否する機能である。"",""WPA2 は，WEP よりも高い信頼性をもつ，無線通信の暗号化技術である。""]","3","90",
"it-passport-2025-q091","it-passport-2025","情報セキュリティのリスクマネジメントにおけるリスク対応を，リスク移転，リスク回避，リスク低減及びリスク保有の四つに分けて実施することにしたとき，これらに関する記述として，適切なものはどれか。","[""リスク対応の実施手順であり，リスク回避，リスク移転，リスク低減，リスク保有の順番で進める。"",""リスク対応の実施手順であり，リスク保有，リスク低減，リスク移転，リスク回避の順番で進める。"",""リスク対応の選択肢であり，管理対象としたリスクの顕在化に備えて保険を掛けておくことは，リスク回避に該当する。"",""リスク対応の選択肢であり，ノート PC の紛失や盗難に備えて社外への持出しをより厳重に管理することは，リスク低減に該当する。""]","3","91",
"it-passport-2025-q092","it-passport-2025","従業員が使用する PC がランサムウェアに感染した場合の損害を軽減する対策例として，適切なものはどれか。","[""PC が接続するファイルサーバの HDD のバックアップデータを定期的に取得し，ネットワークから切り離して保管する。"",""PC に多要素認証の仕組みを導入する。"",""PC の HDD を暗号化する。"",""PC へのログイン時に，パスワードを複数回間違えたら，当該 ID をロックする。""]","0","92",
"it-passport-2025-q093","it-passport-2025","情報セキュリティにおける脅威の説明として，適切なものはどれか。","[""攻撃者が付け込むことのできる情報システムの弱点"",""情報資産が被害に遭う確率と被害規模の組合せ"",""情報資産に損害を与える原因となるもの"",""情報システムの弱点を利用した攻撃によって被害を受ける可能性""]","2","93",
"it-passport-2025-q094","it-passport-2025","稼働率 0.9 の装置で並列システムを構成したい。このシステムの稼働率を 0.999 とするためには，最低何台の装置で並列システムを構成する必要があるか。ここで，並列システムを構成したときに，少なくとも 1 台の装置が稼働していればシステムは正常に稼働しているものとする。","[""2"",""3"",""4"",""5""]","1","94",
"it-passport-2025-q095","it-passport-2025","データベース設計におけるデータ分析で行うこととして，適切なものはどれか。","[""データウェアハウスから業務ごとに必要な情報を抽出する。"",""データ項目の内容が，指定された条件を満足する行だけを抽出する。"",""必要なデータ項目を洗い出し，項目間の関連を整理する。"",""膨大な情報から統計的手法などを用いて，ビジネスに活用できる情報を探索する。""]","2","95",
"it-passport-2025-q096","it-passport-2025","OSS (Open Source Software) に関する次の記述のうち，適切なものだけを全て挙げたものはどれか。

a 個人だけではなく，企業や団体が開発したソフトウェアもある。
b 著作権が放棄されている。
c 入手したソフトウェアは，自由に再配布してもよい。","[""a, b"",""a, b, c"",""a, c"",""b, c""]","2","96",
"it-passport-2025-q097","it-passport-2025","情報セキュリティにおいて，可用性が損なわれた事象だけを全て挙げたものはどれか。

a 関連取引先との電子決済システムが DoS 攻撃を受け，処理ができなくなった。
b 顧客情報管理システムの顧客情報が誤った内容のまま運用されていた。
c 社内のサーバに不正侵入されて，社外秘の情報が漏えいした。","[""a"",""a, b"",""b, c"",""c""]","0","97",
"it-passport-2025-q098","it-passport-2025","4個の要素から成るデータの並びを，次の手順を繰り返して昇順に整列するとき，整列が終了するまでに(1)から(3)の一連の手順は，何回実行されるか。ここで，最初はデータの並び全体を整列対象とする。

データの並び：[27, 42, 33, 12]

〔手順〕
(1) 整列対象中の要素の最大の値を選び，最後の要素と入れ替える。
(2) 最後の要素を整列対象から外す。
(3) 整列対象に要素が1個以上残っていれば，(1)から(3)の一連の手順を実行する。残っていなければ，整列完了なので終了する。","[""2"",""3"",""4"",""5""]","2","98",
"it-passport-2025-q099","it-passport-2025","関数 calculateAmountOfPrize は，業務改善の効果における改善額と短縮期間を，それぞれ improvement と period で受け取り，賞金額を戻り値とする。改善額が20万円で短縮期間が3日の業務改善と，改善額が5万円で短縮期間が14日の業務改善があった。この二つの賞金額の合計は何円か。ここで，改善額と短縮期間の値はそれぞれ0以上とする。

〔プログラム〕
```
○整数型: calculateAmountOfPrize(整数型: improvement, // 改善額(円)
整数型: period) // 短縮期間(日)
整数型: prize // 賞金額(円)
if (improvement が 100000 より小さい)
if (period が 7 より小さい)
prize ← 500
else
prize ← 1000
endif
else
if (period が 7 より小さい)
prize ← 2000
else
prize ← 5000
endif
endif
return prize
```","[""1,000"",""1,500"",""3,000"",""5,500""]","2","99",
"it-passport-2025-q100","it-passport-2025","個人の認証に用いる要素を，知識，所有物及びバイオメトリクスの三つに分類したとき，所有物を要素として用いた認証の例はどれか。","[""SMSを用いた認証"",""虹彩の特徴を用いた認証"",""筆跡や筆圧，スピードなど，文字を書くときの特徴を用いた認証"",""本人が事前に設定した質問とそれに対する答えを用いた認証""]","0","100",
"sg-2025-q001","sg-2025","JIS Q 31000:2019（リスクマネジメント－指針）におけるリスクマネジメントプロセスに関する記述のうち，適切なものはどれか。","[""リスク対応の意義は，プロセスの設計，実施及び結末の質及び効果を保証し，改善することである。"",""リスク特定の意義は，リスクに対処するための選択肢を選定し，実施することである。"",""リスク評価の意義は，組織の目的の達成を助ける又は妨害する可能性のあるリスクを発見し，認識し，記述することである。"",""リスク分析の意義は，必要に応じてリスクのレベルを含め，リスクの性質及び特徴を理解することである。""]","3","1",
"sg-2025-q002","sg-2025","SIEM 製品によるセキュリティ上の効果として，最も適切なものはどれか。","[""様々な機器のログを集中管理することによって，横断的な分析や相関分析が可能になり，単純な目視だけでは発見困難な兆候を検知，分析，可視化することが可能になる。"",""通信経路上を流れるパケットをキャプチャし，暗号化されたデータが改ざんされていないかどうかをチェックすることが可能になる。"",""ファイアウォール，IDS，マルウェア対策といった複数のネットワークセキュリティ機能を一つの機器で実現することが可能になる。"",""ファイルの改ざんを検知すると，事前に取得済みのバックアップを用いて直ちに修復することが可能になる。""]","0","2",
"sg-2025-q003","sg-2025","ゼロトラストの説明として，最も適切なものはどれか。","[""機器やソフトウェアの脆弱性のうち，開発元から対策方法，修正プログラムなどが提供されていない脆弱性が残っている状態のこと"",""内部ネットワークであっても必ずしも安全ではないことを前提として対策を講じる考え方のこと"",""秘密情報そのものは明かさずに，自分が秘密情報を知っていることを相手に知らせる方法のこと"",""マルウェア定義ファイルを用いず，PC の振る舞いからマルウェア感染を検知する手法のこと""]","1","3",
"sg-2025-q004","sg-2025","不正が発生する際には“不正のトライアングル”の 3 要素全てが存在すると考えられている。“不正のトライアングル”の構成要素の説明として，適切なものはどれか。","[""“機会”とは，情報システムなどの技術や物理的な環境，組織のルールなど，内部者による不正行為の実行を可能又は容易にする環境の存在である。"",""“情報と伝達”とは，必要な情報が識別，把握及び処理され，組織内外及び関係者相互に正しく伝えられるようにすることである。"",""“正当化”とは，ノルマによるプレッシャなどのことである。"",""“動機”とは，良心のかしゃくを乗り越える都合の良い解釈や他人への責任転嫁など，内部者が不正行為を自ら納得させるための自分勝手な理由付けである。""]","0","4",
"sg-2025-q005","sg-2025","DNS キャッシュサーバでの DNS キャッシュポイズニング攻撃の対策はどれか。","[""DNS サービスの待ち受けポートを 53 番に固定する。"",""外部の DNS クライアントからの再帰的問合せを受け付けない設定にする。"",""権威 DNS サーバへの問合せに使用するトランザクション ID を固定する。"",""権威 DNS サーバへの非再帰的問合せを行う設定にする。""]","1","5",
"sg-2025-q006","sg-2025","CVSS v3 について，基本評価基準，現状評価基準，環境評価基準のうち，現状評価基準の特徴はどれか。","[""攻撃コードの出現の有無，利用可能な対策のレベルなどに応じ，評価結果は時間の経過で変化する。"",""脆弱性及び想定される脅威に応じ，製品利用者ごとに評価結果は異なる。"",""製品利用者が脆弱性への対応を決めるための評価に用いる基準であり，評価結果は時間の経過で変化しない。"",""評価結果は利用環境によらず同じで，かつ，時間の経過でも変化しない。""]","0","6",
"sg-2025-q007","sg-2025","特定電子メール法の説明として，適切なものはどれか。","[""特定電子メール法は，広告のための電子メールの送信を受託した事業者だけを規制している。"",""特定電子メール法の規制は，受信者から受信拒否の通知があった場合にだけ広告宣伝メールを禁止するオプトアウト方式を採用している。"",""特定電子メール法の目的は，取引の公平の観点から広告宣伝メールを規制すること及び犯罪捜査のための通信傍受である。"",""特定電子メール法は，規制の対象となる電子メールの送信者及び送信委託者に対する義務を規定している。""]","3","7",
"sg-2025-q008","sg-2025","情報セキュリティ違反を犯した従業員に対する懲戒手続を規定した就業規則を含む社内規程の内容について，情報セキュリティ管理基準（平成 28 年）に基づき監査を実施した。監査人が，指摘事項として監査報告書に記載すべきものはどれか。","[""従業員による情報セキュリティ違反の可能性を認識したら，直ちに懲戒手続を開始することを定めていた。"",""懲戒手続は，情報セキュリティ違反による業務への影響度，違反を犯した従業員に対する教育の実施状況などを考慮した段階別の対応を定めていた。"",""懲戒手続は，情報セキュリティ違反を犯した従業員に対する恣意性を排除した公平な取扱いを定めていた。"",""懲戒手続を具体化した細則を策定すること，及び従業員に周知徹底することを定めていた。""]","0","8",
"sg-2025-q009","sg-2025","サービス満足度の目標値を“サービス満足度に関する調査アンケートの満足度の平均点が 5 点満点中 4.0 点”と設定したサービスがある。調査アンケートの集計結果が表のとおりであるとき，目標達成率は幾らか。ここで，目標達成率は次式で計算するものとする。

目標達成率 ＝ 満足度の平均点 ÷ 満足度の目標値

〔集計結果〕
| 満足度（点） | 回答数 |
|---|---|
| 5 | 50 |
| 4 | 250 |
| 3 | 150 |
| 2 | 50 |
| 1 | 0 |","[""0.6"",""0.72"",""0.8"",""0.9""]","3","9",
"sg-2025-q010","sg-2025","システムの信頼性指標である RASIS の，安全性を除く四つに関する記述のうち，適切なものはどれか。","[""R の信頼性は，システムの MTBF によって表す。"",""A の可用性は，システムが稼働している時間の平均値によって表す。"",""S の保守性は，システムの稼働率によって表す。"",""I の完全性は，システムの故障率によって表す。""]","0","10",
"sg-2025-q011","sg-2025","企業全体で使用するデータを統合・整理したデータウェアハウスから，特定の分析目的のためにデータを加工して構築したものはどれか。","[""データカタログ"",""データマート"",""データリネージ"",""データレイク""]","1","11",
"sg-2025-q012","sg-2025","経済産業省が取りまとめた“DX レポート 2”では，組織が DX 実現に至る段階をデジタイゼーション，デジタライゼーション，デジタルトランスフォーメーションに分けている。製造業のデジタル化事例において，デジタルトランスフォーメーションの段階に達しているものはどれか。

| DX 実現に至る段階 | 説明 |
|---|---|
| デジタイゼーション | アナログ・物理データのデジタルデータ化 |
| デジタライゼーション | 個別の業務・製造プロセスのデジタル化 |
| デジタルトランスフォーメーション | 組織横断／全体の業務・製造プロセスのデジタル化，<br/>“顧客起点の価値創出”のための事業やビジネスモデルの変革 |","[""3D 画像撮影用の高性能カメラを生産ラインに設置し，カメラの前を通過する製造物のデジタル画像をリアルタイムで記録して，出荷検査の証拠データとする。"",""技術継承のために，生産ラインに設置したカメラと，熟練工の手に装着したウェアラブルセンサーによって，熟練工の所作をデジタルデータとして保存した上で，AI を用いて熟練工の動きをモデル化する。"",""顧客から販売・在庫情報を，部品メーカーから生産・在庫情報をデジタルデータで逐次入手し，AI を用いて複数の需給調整案を高速でシミュレーションすることによって，サプライチェーン全体を最適化する。"",""生産ラインで取得したデジタル画像データから良品，不良品の特徴を AI に学習させた上で，AI で画像解析を行うことによって，自社の出荷時検品作業を効率化する。""]","2","12",
"sg-2025-q013","sg-2025","A 社は従業員 300 名の IT サービス企業であり，ヘルプデスク業務のアウトソーシングサービスを提供している。A 社はオンプレミスのシステムを所有しておらず，顧客向けサービスのほか，社内業務でもクラウドサービスを利用している。A 社では，各従業員に PC 及びスマートフォンを貸与している。スマートフォンは勤怠管理などの社内業務だけに利用している。

A 社では，クラウドサービスについての可用性に関する重要度の評価（以下，可用性に関する重要度の評価を可用性評価という）を本来実施すべきであったが，実施できていなかった。そこで，A 社の情報セキュリティリーダーである B 主任が，表 1 のとおり，A 社がリスク評価で用いる可用性評価の基準を用いて可用性評価を実施することになった。

表 1 A 社がリスク評価で用いる可用性評価の基準
| 重要度 | 可用性評価の基準 | 該当するサービスの例 |
|---|---|---|
| 2 | サービスが利用できなくなると自社だけではなく，顧客にも直ちに影響がある。 | 顧客に提供しているサービス，顧客にサービスを提供するために利用している外部のサービス |
| 1 | サービスが利用できなくなると自社にだけ，直ちに影響がある。 | 重要度 0 のサービスを除く，社内で利用しているサービス |
| 0 | サービスが利用できなくなっても自社及び顧客に，直ちに影響はない。 | 社内でデータの長期保存に利用しているサービス |

B 主任は A 社が利用しているクラウドサービスについて可用性評価を実施し，利用方法及び可用性に関する重要度を表 2 のとおりまとめた。

表 2 B 主任がまとめた可用性評価の結果（抜粋）
| A 社が利用しているクラウドサービス | 利用方法 | 可用性に関する重要度 |
|---|---|---|
| 電子メール | ヘルプデスク利用者からの電子メールによる問合せの受付及び回答に利用する。回答は原則として電子メールで行うが，回答に機密性の高い情報が含まれる場合は，あらかじめ登録されているヘルプデスク利用者の電話番号に A 社から電話する。 | a1 |
| 人事・労務管理 | マイナンバーを含む人事情報の管理及び労務管理に利用する。 | a2 |

B 主任は，表 2 の内容を A 社の情報セキュリティ委員会に報告し，可用性に関する重要度が適切であることの承認を得た。

設問 表 2 中の [a1] ， [a2] に入れる数値の適切な組合せを，a に関する解答群の中から選べ。","[""a1=0, a2=0"",""a1=0, a2=1"",""a1=0, a2=2"",""a1=1, a2=0"",""a1=1, a2=1"",""a1=1, a2=2"",""a1=2, a2=0"",""a1=2, a2=1"",""a1=2, a2=2""]","7","13",
"sg-2025-q014","sg-2025","A 社は，従業員 300 名の部品メーカーである。A 社ではこれまで，業務に必要なファイルを他社との間で受け渡す場合には電子メール（以下，メールという）を利用してきた。最近になって，取引先の B 社から，ファイルの受渡しについては，C サービスというクラウドストレージサービスを利用して欲しいとの要請を受けた。図 1 は，C サービスを利用した場合のファイル受渡しの流れである。

1 ファイルの送信者は，受信者に渡したいファイルを C サービス上にアップロードする。アップロードされたファイルは，C サービス上では暗号化されて保存される。
2 ファイルの送信者は，受信者をメールアドレスで指定して，ファイルのアクセス権を付与する。アクセス権の付与や取消しはいつでも行える。
3 受信者にアクセス権が付与されると，ファイルのダウンロード用 URL が生成され，指定されたメールアドレスにメールで通知される。なお，URL には推測困難な文字列が含まれている。
4 受信者が，メールに記載された URL にアクセスして自身のメールアドレスを入力すると，復号されたファイルがダウンロードされる。
5 ファイルがダウンロードされると，送信者の利用者 ID，アップロード日時，ファイル名，ファイルのダウンロード用 URL，ダウンロードの際のアクセス元 IP アドレス，4 で入力したメールアドレス及びダウンロード日時がログに記録される。
6 送信者は，自身のアップロードしたファイルについて，ダウンロードのログを確認できる。
注記 C サービスとの通信には HTTPS（HTTP over TLS）が用いられている。

そこで A 社では，C サービスを利用した場合のリスクを評価するために，検討会を開催した。検討会において，情報セキュリティリーダーの D 主任は，次のとおり説明した。

C サービスを利用することによって，情報漏えいのリスクを低減でき，さらに情報漏えいの有無も確認できる。具体的には，ファイルの送信者は，誤ったメールアドレスを指定してメールを送信してしまった場合に，誤りに気付いた時点で，すぐに [a1] を行うことができる。次に，ファイルが [a2] されていないことがログによって確認できれば， [a3] していないと判断することができる。

設問 本文中の [a1] 〜 [a3] に入れる次の字句の組合せはどれか。a に関する解答群のうち，最も適切なものを選べ。
(一) アクセス権の取消し
(二) アップロード
(三) 情報漏えい
(四) ダウンロード
(五) メールで通知
(六) メールに記載された URL に受信者はまだアクセス","[""a1=(一), a2=(二), a3=(三)"",""a1=(一), a2=(二), a3=(六)"",""a1=(一), a2=(四), a3=(三)"",""a1=(一), a2=(四), a3=(六)"",""a1=(五), a2=(二), a3=(三)"",""a1=(五), a2=(二), a3=(六)"",""a1=(五), a2=(四), a3=(三)"",""a1=(五), a2=(四), a3=(六)""]","2","14",
"sg-2025-q015","sg-2025","A 社は，スマートフォン用ヘルスケア関連アプリケーションソフトウェア（以下，A アプリという）の開発，販売を行う会社である。A アプリは，ヘルスケアデータ収集機能によって，利用者の体重や歩数のデータを収集するとともに，アンケート機能によって，勤務先の業種，年収などのデータを収集している。

営業部は，保険会社である B 社と共同のビジネスを検討している。その中で，A アプリで収集したデータ及び今後収集するデータから匿名加工情報を作成した上で，その匿名加工情報を B 社に第三者提供することを検討している。B 社では，提供を受けた匿名加工情報を分析して，B 社の保険商品のマーケティングに活用しようとしている。分析の対象は，年代，性別，年収区分，住んでいる地域区分及び勤務先の業種と体重及び歩数との関係である。ここで，地域区分とは，北海道，東北，南関東などの区分のことをいう。

加工対象となる“個人情報データベース等”（以下，加工対象情報という）は，表 1 の顧客属性データと表 2 のヘルスケアデータの 2 種類からなり，利用者番号によって関連付けられている。

表 1 顧客属性データ
| 利用者番号 | 氏名 | 性別 | 生年月日 | 電子メールアドレス | 住所 | 勤務先の業種 | 年収 |
|---|---|---|---|---|---|---|---|
| 114567 | 情報 一郎 | 男 | 1984 年 4 月 4 日 | ichiro@●●●.ne.jp | 愛知県名古屋市中区上前津 X-X-X | 金融業 | 1,850 万 |
| 114568 | 積招 花子 | 女 | 2003 年 3 月 31 日 | sekimane@▲▲▲.ne.jp | 東京都文京区本駒込 X-X-X | 小売業 | 380 万 |
| 114573 | 試験 五郎 | 男 | 1951 年 12 月 9 日 | shiken@■■■.ne.jp | 東京都中央区月島 X-X-X | 製造業 | 630 万 |
| ⋮ | ⋮ | ⋮ | ⋮ | ⋮ | ⋮ | ⋮ | ⋮ |

表 2 ヘルスケアデータ
| 利用者番号 | 記録日 | 体重 | 歩数 |
|---|---|---|---|
| 114567 | 202N 年 02 月 11 日 | 121.3 | 5,321 |
| 114568 | 202N 年 02 月 11 日 | 43.5 | 33,012 |
| 114568 | 202N 年 02 月 12 日 | 43.0 | 12,007 |
| 114573 | 202N 年 02 月 12 日 | 63.0 | 7,604 |
| ⋮ | ⋮ | ⋮ | ⋮ |

営業部の情報セキュリティリーダーである C 課長は，加工対象情報に含まれる各情報の項目について，適用する匿名加工情報の作成に係る手法（以下，匿名加工情報の作成に係る手法を匿名加工手法という）を表 3 にまとめた。

表 3 匿名加工手法
| 項番 | 手法名 | 解説 |
|---|---|---|
| （一） | 項目削除 | 加工対象情報に含まれる個人情報の項目を削除すること。例えば，年齢のデータを加工対象情報から削除すること。 |
| （二） | 一般化 | 加工対象情報に含まれる記述などについて，上位概念に置き換えること。例えば，購買履歴のデータで“きゅうり”を“野菜”に置き換えること。 |
| （三） | トップ（ボトム）コーディング | 加工対象情報に含まれる数値について，特に大きい又は小さい数値をまとめること。例えば，年齢に関するデータで，“98 歳”，“115 歳”といった数値データを“80 歳以上”というデータにまとめること。 |
| （四） | 丸め | 加工対象情報に含まれる数値について，四捨五入などして丸めること。例えば，生年月日から“34 歳”とされる場合について，“30 代”のように年代に置き換えること。 |

注記 本表は，個人情報保護委員会事務局“仮名加工情報・匿名加工情報 信頼ある個人情報の利活用に向けてー制度編ー(第 2 版)""を基に C 課長が作成した。

C 課長は，加工対象情報である表 1 及び表 2 に示す各データに対して，表 3 の匿名加工手法を必要に応じて適用し匿名加工情報を作成する案を用意した。その案を法務部の D 課長に報告したところ，D 課長からは，想定するマーケティング用途にも有効であり，匿名加工手法の適用も適切であるとの回答を得た。

設問 解答群に示した 3 項目それぞれについて，C 課長が適用した匿名加工手法はどれか。表 3 の手法のうち，適用したものの組合せを，解答群の中から選べ。なお，各項目に対して複数の匿名加工手法を適用しても構わないし，一つも適用せずに“加工なし”としても構わない。","[""電子メールアドレス: 加工なし, 勤務先の業種: 加工なし, 体重: （三）"",""電子メールアドレス: 加工なし, 勤務先の業種: 加工なし, 体重: （三），（四）"",""電子メールアドレス: 加工なし, 勤務先の業種: （一）, 体重: （一）"",""電子メールアドレス: 加工なし, 勤務先の業種: （一）, 体重: （三）"",""電子メールアドレス: 加工なし, 勤務先の業種: （一）, 体重: （三），（四）"",""電子メールアドレス: （一）, 勤務先の業種: 加工なし, 体重: （三）"",""電子メールアドレス: （一）, 勤務先の業種: 加工なし, 体重: （三），（四）"",""電子メールアドレス: （一）, 勤務先の業種: （一）, 体重: （一）"",""電子メールアドレス: （一）, 勤務先の業種: （一）, 体重: （三）"",""電子メールアドレス: （一）, 勤務先の業種: （一）, 体重: （三），（四）""]","6","15",